"Tilda UID";Brand;SKU;Mark;Category;Title;Description;Text;Photo;Price;Quantity;"Price Old";Editions;Modifications;"External ID";"Parent UID";"Characteristics:Назначение кожи";"Characteristics:Тип сырья";"Characteristics:Вид кожи";"Characteristics:Минимальный заказ";Characteristics:Цвет;Characteristics:Особенности;Characteristics:Сорт;"Characteristics:Размер шкур";"Characteristics:Толщина (мм)";"Characteristics:Страна производства";"Characteristics:Вид покрытия";"Characteristics:Тип молнии";"Characteristics:Вид соединения";"Characteristics:Цвет тесьмы";"Characteristics:Цвет металла";Characteristics:Длина;"Characteristics:Происхождение сырья";Characteristics:Диаметр;Weight;Length;Width;Height;Unit;Portion;Url
166480113182;;;;"Замша;Замша / Гладкая";"Suede Brown";;;https://static.tildacdn.com/stor3563-6339-4564-b863-343333636661/48702391.jpg;;;;"product_options:[{""title"":""Единица измерения"",""params"":{""view"":""buttons"",""hasColor"":false,""linkImage"":false}},{""title"":""Оттенок цвета"",""params"":{""view"":""buttons"",""hasColor"":true,""linkImage"":false}}]";;DZF17VSOIEOgVX0OK8Dp;;Одежная;Овчина;Замша;;Коричневый;;;"5-6 фут2";0.6-0.7;;;;;;;;Африка;;0;0;0;0;FOT;1;https://ozelifkoja.ru/zamsha/tproduct/166480113182-suede-brown
544091525812;;;;;"Suede Brown - фут2 - Оттенок коричневого";;;;5.50;;;"Единица измерения:фут2;Оттенок цвета:Оттенок коричневого #6e3b12";;5tH0llFxecbiYEncun0e;166480113182;;;;;;;;;;;;;;;;;;;0;0;0;0;;;https://ozelifkoja.ru/zamsha/tproduct/166480113182-suede-brown?editionuid=544091525812
808246568362;;;;;"Suede Brown - дм2 - Оттенок коричневого";;;;0.59;;;"Единица измерения:дм2;Оттенок цвета:Оттенок коричневого #6e3b12";;fidK6AYZJjkkvTBAELDJ;166480113182;;;;;;;;;;;;;;;;;;;0;0;0;0;;;https://ozelifkoja.ru/zamsha/tproduct/166480113182-suede-brown?editionuid=808246568362
232669954682;;;;Обувная;"Обувная кожа";;;https://static.tildacdn.com/stor6638-3130-4636-a532-653437636261/63386287.jpg;;;;"product_options:[{""title"":""Оттенок цвета"",""params"":{""view"":""buttons"",""hasColor"":true,""linkImage"":false}}]";;niPdAv1tNtU6GJK4E5j5;;Галантерейная;Овчина;;100;Коричневый;Арт-ОВ-14;;;1.1;;Наппа;;;;;;;;0;0;0;0;FOT;1;https://ozelifkoja.ru/obuvnayakozha/tproduct/232669954682-obuvnaya-kozha
164334930192;;;;;"Обувная кожа - Оттенок бежевого";;;;3.50;;;"Оттенок цвета:Оттенок бежевого #d4b088";;vM1tNMfgpcr5DHZHPzSr;232669954682;;;;;;;;;;;;;;;;;;;0;0;0;0;;;https://ozelifkoja.ru/obuvnayakozha/tproduct/232669954682-obuvnaya-kozha?editionuid=164334930192
840128252052;;;;Обувная;"Обувная кожа";;"Эта кожа идеально подходит для создания обувных изделий!<br />Компания Озелиф кожа предлагает самый широкий ассортимент кожи и дубленочного материала по доступным ценам. Продажа от 1 шкуры!";https://static.tildacdn.com/stor6530-6265-4365-b366-313530393930/74503222.jpg;;;;"product_options:[{""title"":""Оттенок цвета"",""params"":{""view"":""buttons"",""hasColor"":true,""linkImage"":false}}]";;BTBMj5S4oRCoSyGVFz0T;;Галантерейная;Овчина;;;Красный;Арт-ОВ-14;1;"80-130 дм.кв.";1.1;;Наппа;;;;;;;;0;0;0;0;FOT;1;https://ozelifkoja.ru/obuvnayakozha/tproduct/840128252052-obuvnaya-kozha
377278221282;;;;;"Обувная кожа - Оттенок красного";;;;3.50;;;"Оттенок цвета:Оттенок красного #ff0000";;Dmr4fMZ8OHUloibkr0D8;840128252052;;;;;;;;;;;;;;;;;;;0;0;0;0;;;https://ozelifkoja.ru/obuvnayakozha/tproduct/840128252052-obuvnaya-kozha?editionuid=377278221282
887974597942;;;;"Замша;Замша / Гладкая";"Suede Marocco D.Grey";;;https://static.tildacdn.com/stor3464-3430-4638-a638-383162373634/70668791.jpg;;;;"product_options:[{""title"":""Единица измерения"",""params"":{""view"":""buttons"",""hasColor"":false,""linkImage"":false}},{""title"":""Оттенок цвета"",""params"":{""view"":""buttons"",""hasColor"":true,""linkImage"":false}}]";;RO0asg2mLk27BFkU33eu;;Одежная;Овчина;Замша;;Серый;;;"5-6 фут2";0.8-0.9;;;;;;;;Турция;;0;0;0;0;FOT;1;https://ozelifkoja.ru/zamsha/tproduct/887974597942-suede-marocco-dgrey
684788015792;;;;;"Suede Marocco D.Grey - фут2 - Оттенок серого";;;;4.50;;;"Единица измерения:фут2;Оттенок цвета:Оттенок серого #9e9898";;7Tt8GPdz27T40mFVgE4E;887974597942;;;;;;;;;;;;;;;;;;;0;0;0;0;;;https://ozelifkoja.ru/zamsha/tproduct/887974597942-suede-marocco-dgrey?editionuid=684788015792
847434962202;;;;;"Suede Marocco D.Grey - дм2 - Оттенок серого";;;;0.48;;;"Единица измерения:дм2;Оттенок цвета:Оттенок серого #9e9898";;aFyAtDxAAUUVekGNLVty;887974597942;;;;;;;;;;;;;;;;;;;0;0;0;0;;;https://ozelifkoja.ru/zamsha/tproduct/887974597942-suede-marocco-dgrey?editionuid=847434962202
108574193192;;;;"Замша;Замша / Фактурная";"Sandy Suede Taba";;;https://static.tildacdn.com/stor3061-3834-4037-b662-366364306136/12787888.jpg;;;;"product_options:[{""title"":""Единица измерения"",""params"":{""view"":""buttons"",""hasColor"":false,""linkImage"":false}},{""title"":""Оттенок цвета"",""params"":{""view"":""buttons"",""hasColor"":true,""linkImage"":false}}]";;mZ9V8NM002xXbFduvXBu;;Одежная;Овчина;Замша;;Коричневый;;;"4-5 фут2";0.7-0.8;;;;;;;;Африка;;0;0;0;0;FOT;1;https://ozelifkoja.ru/zamsha/tproduct/108574193192-sandy-suede-taba
844993449472;;;;;"Sandy Suede Taba - фут2 - Оттенок коричневого";;;;5.00;;;"Единица измерения:фут2;Оттенок цвета:Оттенок коричневого #6e3b12";;xrVxNVe3VmseazBk7a3V;108574193192;;;;;;;;;;;;;;;;;;;0;0;0;0;;;https://ozelifkoja.ru/zamsha/tproduct/108574193192-sandy-suede-taba?editionuid=844993449472
851925173392;;;;;"Sandy Suede Taba - дм2 - Оттенок коричневого";;;;0.53;;;"Единица измерения:дм2;Оттенок цвета:Оттенок коричневого #6e3b12";;ziSXbsYbHnyIVpY6FahC;108574193192;;;;;;;;;;;;;;;;;;;0;0;0;0;;;https://ozelifkoja.ru/zamsha/tproduct/108574193192-sandy-suede-taba?editionuid=851925173392
895384262642;;;;"Замша;Замша / Гладкая";"Suede Bordo";;;https://static.tildacdn.com/stor6365-3232-4465-b336-653834623136/87011868.jpg;;;;"product_options:[{""title"":""Единица измерения"",""params"":{""view"":""buttons"",""hasColor"":false,""linkImage"":false}},{""title"":""Оттенок цвета"",""params"":{""view"":""buttons"",""hasColor"":true,""linkImage"":false}}]";;ZVTxEeeTNPDOs0ntAXhm;;Одежная;Овчина;Замша;;Бордовый;;;"5-6 фут2";0.6-0.7;;;;;;;;Африка;;0;0;0;0;FOT;1;https://ozelifkoja.ru/zamsha/tproduct/895384262642-suede-bordo
931858526732;;;;;"Suede Bordo - фут2 - Оттенок бордового";;;;5.50;;;"Единица измерения:фут2;Оттенок цвета:Оттенок бордового #70081d";;96REGmDTSjMDUVGlCVnG;895384262642;;;;;;;;;;;;;;;;;;;0;0;0;0;;;https://ozelifkoja.ru/zamsha/tproduct/895384262642-suede-bordo?editionuid=931858526732
362384214732;;;;;"Suede Bordo - дм2 - Оттенок бордового";;;;0.59;;;"Единица измерения:дм2;Оттенок цвета:Оттенок бордового #70081d";;YBZT4ELAR41IlK0Skt2v;895384262642;;;;;;;;;;;;;;;;;;;0;0;0;0;;;https://ozelifkoja.ru/zamsha/tproduct/895384262642-suede-bordo?editionuid=362384214732
814535079882;;;;"Одежная;Одежная / Гладкая";"Vegetale Visky";;;https://static.tildacdn.com/stor3037-3465-4662-a634-346639633561/56542986.jpg;;;;"product_options:[{""title"":""Единица измерения"",""params"":{""view"":""buttons"",""hasColor"":false,""linkImage"":false}},{""title"":""Оттенок цвета"",""params"":{""view"":""buttons"",""hasColor"":true,""linkImage"":false}}]";;0zRxv58jPOM5pYHRBzlg;;Одежная;Овчина;;;Коричневый;Арт-VEGETALEVISKY;1;"7-8 фут2";0.7-0.8;;"Натуральное крошение";;;;;;Турция;;0;0;0;0;FOT;1;https://ozelifkoja.ru/odejnayakozha/tproduct/814535079882-vegetale-visky
642728473452;;;;;"Vegetale Visky - фут2 - Оттенок коричневого";;;;5.00;;;"Единица измерения:фут2;Оттенок цвета:Оттенок коричневого #6e3b12";;2KgS4LLu3Fa3mNxc5SoV;814535079882;;;;;;;;;;;;;;;;;;;0;0;0;0;;;https://ozelifkoja.ru/odejnayakozha/tproduct/814535079882-vegetale-visky?editionuid=642728473452
125090328652;;;;;"Vegetale Visky - дм2 - Оттенок коричневого";;;;0.53;;;"Единица измерения:дм2;Оттенок цвета:Оттенок коричневого #6e3b12";;OAE9jy7nLB44hie42NG7;814535079882;;;;;;;;;;;;;;;;;;;0;0;0;0;;;https://ozelifkoja.ru/odejnayakozha/tproduct/814535079882-vegetale-visky?editionuid=125090328652
976103364862;;;;"Одежная;Одежная / Гладкая";"Vegetale Bordo";;;https://static.tildacdn.com/stor3838-3761-4837-b664-363831316631/47509149.jpg;;;;"product_options:[{""title"":""Единица измерения"",""params"":{""view"":""buttons"",""hasColor"":false,""linkImage"":false}},{""title"":""Оттенок цвета"",""params"":{""view"":""buttons"",""hasColor"":true,""linkImage"":false}}]";;dz6bcbtSoKTNZsYnAcxP;;Одежная;Овчина;;;Бордовый;Арт-VEGETALEBORDO;1;"9-10 фут";0.5-0.6;;"Натуральное крошение";;;;;;Турция;;0;0;0;0;FOT;1;https://ozelifkoja.ru/odejnayakozha/tproduct/976103364862-vegetale-bordo
966948227912;;;;;"Vegetale Bordo - Оттенок бордового";;;;5.00;;;"Единица измерения:;Оттенок цвета:Оттенок бордового #70081d";;AKs9GIeZJJmdlrdYPKZc;976103364862;;;;;;;;;;;;;;;;;;;0;0;0;0;;;https://ozelifkoja.ru/odejnayakozha/tproduct/976103364862-vegetale-bordo?editionuid=966948227912
242905470522;;;;;"Vegetale Bordo - Оттенок бордового";;;;0.53;;;"Единица измерения:;Оттенок цвета:Оттенок бордового #70081d";;GcmuPJiBNaMiYmDG3YrI;976103364862;;;;;;;;;;;;;;;;;;;0;0;0;0;;;https://ozelifkoja.ru/odejnayakozha/tproduct/976103364862-vegetale-bordo?editionuid=242905470522
279175116492;;;;"Одежная;Одежная / Гладкая";"Vegetale Khaki";;;https://static.tildacdn.com/stor6262-3965-4261-a665-643637646430/32208960.jpg;;;;"product_options:[{""title"":""Единица измерения"",""params"":{""view"":""buttons"",""hasColor"":false,""linkImage"":false}},{""title"":""Оттенок цвета"",""params"":{""view"":""buttons"",""hasColor"":true,""linkImage"":false}}]";;vhUy1khsv8J3pnDv3eOb;;Одежная;Овчина;;;Зеленый;Арт-VEGETALEGREEN;1;"7-8 фут2";0.7-0.8;;"Натуральное крошение";;;;;;Турция;;0;0;0;0;FOT;1;https://ozelifkoja.ru/odejnayakozha/tproduct/279175116492-vegetale-khaki
122457814302;;;;;"Vegetale Khaki - фут2 - Оттенок зеленого";;;;5.00;;;"Единица измерения:фут2;Оттенок цвета:Оттенок зеленого #028a34";;E7sScgPhhilrgBgMd6mR;279175116492;;;;;;;;;;;;;;;;;;;0;0;0;0;;;https://ozelifkoja.ru/odejnayakozha/tproduct/279175116492-vegetale-khaki?editionuid=122457814302
633444176522;;;;;"Vegetale Khaki - дм2 - Оттенок зеленого";;;;0.53;;;"Единица измерения:дм2;Оттенок цвета:Оттенок зеленого #028a34";;5OXXoZVnSmDC44iBT7bg;279175116492;;;;;;;;;;;;;;;;;;;0;0;0;0;;;https://ozelifkoja.ru/odejnayakozha/tproduct/279175116492-vegetale-khaki?editionuid=633444176522
629286833272;;;;"Замша / Фактурная";"Фактурная замша ""Sandy Brown""";;;;;;;"product_options:[{""title"":""Оттенок цвета"",""params"":{""view"":""buttons"",""hasColor"":true,""linkImage"":false}}]";;7bkkn94F6Up1MyR2KD2V;;Одежная;Овчина;Замша;100;Коричневый;;;;0.9-1;ТУРЦИЯ;;;;;;;;;0;0;0;0;FOT;1;https://ozelifkoja.ru/zamsha/fakturnaya/tproduct/629286833272-fakturnaya-zamsha-sandy-brown
254462472982;;;;;"Фактурная замша ""Sandy Brown"" - Оттенок черного";;;;5.00;;;"Оттенок цвета:Оттенок черного #000000";;yPJsmPfXCUIVnhSDYa5C;629286833272;;;;;;;;;;;;;;;;;;;0;0;0;0;;;https://ozelifkoja.ru/zamsha/fakturnaya/tproduct/629286833272-fakturnaya-zamsha-sandy-brown?editionuid=254462472982
661623308152;;;;"Одежная;Одежная / Винтажная";"Marocco Black Vintage";;;https://static.tildacdn.com/stor6465-3061-4233-a234-663861633734/26545118.jpg;;;;"product_options:[{""title"":""Единица измерения"",""params"":{""view"":""buttons"",""hasColor"":false,""linkImage"":false}},{""title"":""Оттенок цвета"",""params"":{""view"":""buttons"",""hasColor"":true,""linkImage"":false}}]";;JB3nOfABtzc5VLFNKTBJ;;Одежная;Овчина;;;Черный;Арт-MAROCCOBLACK;1;"6-7 фут";0.8-0.9;;;;;;;;Турция;;0;0;0;0;FOT;1;https://ozelifkoja.ru/odejnayakozha/tproduct/661623308152-marocco-black-vintage
255713859712;;;;;"Marocco Black Vintage - фут2 - Оттенок черного";;;;5.00;;;"Единица измерения:фут2;Оттенок цвета:Оттенок черного #000000";;HasCi4aUgVRetyERB79P;661623308152;;;;;;;;;;;;;;;;;;;0;0;0;0;;;https://ozelifkoja.ru/odejnayakozha/tproduct/661623308152-marocco-black-vintage?editionuid=255713859712
367898055082;;;;;"Marocco Black Vintage - дм2 - Оттенок черного";;;;0.53;;;"Единица измерения:дм2;Оттенок цвета:Оттенок черного #000000";;OIocuKjkZrlCBeLUSs1U;661623308152;;;;;;;;;;;;;;;;;;;0;0;0;0;;;https://ozelifkoja.ru/odejnayakozha/tproduct/661623308152-marocco-black-vintage?editionuid=367898055082
673089609442;;;;"Дубленочный;Дубленка / Керли;Новинки";"Дубленочный материал Кёрли ""Vintage Brown""";;"Тип сырья: Овчина Керли";https://static.tildacdn.com/stor3137-3436-4437-a538-373763316332/94613690.jpg;;;;"product_options:[{""title"":""Единица измерения"",""params"":{""view"":""buttons"",""hasColor"":false,""linkImage"":false}},{""title"":""Оттенок цвета"",""params"":{""view"":""buttons"",""hasColor"":true,""linkImage"":false}}]";;IgZvupbCeXLkUOULsFf8;;Одежная;Овчина;Дубленка;;Коричневый;;;"6-7 фут2";;;Кожа;;;;;;Испания;;0;0;0;0;;0;https://ozelifkoja.ru/dublyonka/tproduct/673089609442-dublenochnii-material-kyorli-vintage-bro
874826775802;;;;;"Дубленочный материал Кёрли ""Vintage Brown"" - дм2 - Оттенок коричневого";;;;1.40;;;"Единица измерения:дм2;Оттенок цвета:Оттенок коричневого #6e3b12";;BkCuFBOD5Ru78ZPZNAEt;673089609442;;;;;;;;;;;;;;;;;;;0;0;0;0;;;https://ozelifkoja.ru/dublyonka/tproduct/673089609442-dublenochnii-material-kyorli-vintage-bro?editionuid=874826775802
792742004422;;;;;"Дубленочный материал Кёрли ""Vintage Brown"" - фут2 - Оттенок коричневого";;;;13.00;;;"Единица измерения:фут2;Оттенок цвета:Оттенок коричневого #6e3b12";;lCzz40Y4bRl3cOLopIOR;673089609442;;;;;;;;;;;;;;;;;;;0;0;0;0;;;https://ozelifkoja.ru/dublyonka/tproduct/673089609442-dublenochnii-material-kyorli-vintage-bro?editionuid=792742004422
309625921252;;;;"Фурнитура;Фурнитура / Молнии";"Молния YKK 75 см,чёрный глянец";;;"https://static.tildacdn.com/stor3439-6361-4137-a266-303736313233/21412402.jpg https://static.tildacdn.com/stor3530-3235-4730-b332-393564306630/56746392.jpg";;;;"product_options:[{""title"":""Оттенок цвета"",""params"":{""view"":""buttons"",""hasColor"":true,""linkImage"":false}}]";;9LAGCnt4MCgXklRCRGnr;;;;;1;;;;;;Япония;;8;разъемная,1замок;Черный;"Черный глянец";"75 см";;;0;0;0;0;PCE;1;https://ozelifkoja.ru/furnitura/tproduct/309625921252-molniya-ykk-75-smchyornii-glyanets
399056476462;;;;;"Молния YKK 75 см,чёрный глянец - Оттенок черного";;;;13.00;;;"Оттенок цвета:Оттенок черного #000000";;laD1u3iX5xRLPl4UXYjV;309625921252;;;;;;;;;;;;;;;;;;;0;0;0;0;;;https://ozelifkoja.ru/furnitura/tproduct/309625921252-molniya-ykk-75-smchyornii-glyanets?editionuid=399056476462
919655081872;;;;"Фурнитура / Молнии;Фурнитура";"Молния YKK 18 см,тёмный никель";;;https://static.tildacdn.com/stor3066-3736-4432-b732-303336393639/21196993.jpg;;;;"product_options:[{""title"":""Оттенок цвета"",""params"":{""view"":""buttons"",""hasColor"":true,""linkImage"":false}}]";;xDjdpBpuJYmdlTYRDsnj;;;;;1;;;;;;Япония;;8;разъемная,1замок;Черный;"Тёмный никель";"18 см";;;0;0;0;0;PCE;1;https://ozelifkoja.ru/furnitura/tproduct/919655081872-molniya-ykk-18-smtyomnii-nikel
155733011032;;;;;"Молния YKK 18 см,тёмный никель - Оттенок черного";;;;6.00;;;"Оттенок цвета:Оттенок черного #000000";;gsfdsr9EiBujNu7a2hXP;919655081872;;;;;;;;;;;;;;;;;;;0;0;0;0;;;https://ozelifkoja.ru/furnitura/tproduct/919655081872-molniya-ykk-18-smtyomnii-nikel?editionuid=155733011032
727999258642;;;;"Дубленочный;Дубленка / Керли;Новинки";"Дубленочный материал Кёрли ""Silky&amp;Taba""";;;https://static.tildacdn.com/stor3730-3732-4364-b037-653332366330/25601068.jpg;;;;"product_options:[{""title"":""Единица измерения"",""params"":{""view"":""buttons"",""hasColor"":false,""linkImage"":false}},{""title"":""Оттенок цвета"",""params"":{""view"":""buttons"",""hasColor"":true,""linkImage"":false}}]";;2fp7FF01fcLelYPXksLd;;Одежная;Овчина;Дубленка;;Оранжевый;;;"6-7 фут2";;;Кожа;;;;;;Испания;;0;0;0;0;FOT;1;https://ozelifkoja.ru/dublyonka/tproduct/727999258642-dublenochnii-material-kyorli-silkyamptab
340422094612;;;;;"Дубленочный материал Кёрли ""Silky&amp;Taba"" - фут2 - Оттенок оранжевого";;;;13.00;;;"Единица измерения:фут2;Оттенок цвета:Оттенок оранжевого #ff780a";;ImixeM3KNHYknUd90jIH;727999258642;;;;;;;;;;;;;;;;;;;0;0;0;0;;;https://ozelifkoja.ru/dublyonka/tproduct/727999258642-dublenochnii-material-kyorli-silkyamptab?editionuid=340422094612
509373058332;;;;;"Дубленочный материал Кёрли ""Silky&amp;Taba"" - дм2 - Оттенок оранжевого";;;;1.40;;;"Единица измерения:дм2;Оттенок цвета:Оттенок оранжевого #ff780a";;ra46IpG9AfFPoGX2566D;727999258642;;;;;;;;;;;;;;;;;;;0;0;0;0;;;https://ozelifkoja.ru/dublyonka/tproduct/727999258642-dublenochnii-material-kyorli-silkyamptab?editionuid=509373058332
717437155312;;;;"Дубленочный;Дубленка / Керли;Распродажа";"Дубленочный материал Кёрли ""Orange""";;;https://static.tildacdn.com/stor6665-3664-4562-a332-343734376534/97331737.jpg;;;;"product_options:[{""title"":""Единица измерения"",""params"":{""view"":""buttons"",""hasColor"":false,""linkImage"":false}},{""title"":""Оттенок цвета"",""params"":{""view"":""buttons"",""hasColor"":true,""linkImage"":false}}]";;r6Nmb4T3y1ipbxzUB06t;;Одежная;Овчина;Дубленка;;Оранжевый;;;"6-7 фут2";;;;;;;;;Италия;;0;0;0;0;FOT;1;https://ozelifkoja.ru/dublyonka/tproduct/717437155312-dublenochnii-material-kyorli-orange
982450891872;;;;;"Дубленочный материал Кёрли ""Orange"" - фут2 - Оттенок оранжевого";;;;7.00;;10;"Единица измерения:фут2;Оттенок цвета:Оттенок оранжевого #ff780a";;dM3eA690u7hiObCPHvfD;717437155312;;;;;;;;;;;;;;;;;;;0;0;0;0;;;https://ozelifkoja.ru/dublyonka/tproduct/717437155312-dublenochnii-material-kyorli-orange?editionuid=982450891872
540923902832;;;;;"Дубленочный материал Кёрли ""Orange"" - дм2 - Оттенок оранжевого";;;;0.75;;1.07;"Единица измерения:дм2;Оттенок цвета:Оттенок оранжевого #ff780a";;h3pxi74AJtGuTVfHoM9t;717437155312;;;;;;;;;;;;;;;;;;;0;0;0;0;;;https://ozelifkoja.ru/dublyonka/tproduct/717437155312-dublenochnii-material-kyorli-orange?editionuid=540923902832
591656199972;;;;"Дубленочный;Дубленка / Керли";"Дубленочный материал Кёрли ""Visky""";;;https://static.tildacdn.com/stor3938-3232-4637-b062-386133356465/30788000.jpg;;;;"product_options:[{""title"":""Единица измерения"",""params"":{""view"":""buttons"",""hasColor"":false,""linkImage"":false}},{""title"":""Оттенок цвета"",""params"":{""view"":""buttons"",""hasColor"":true,""linkImage"":false}}]";;t5mP1IGjkbsIk7HFJMyD;;Одежная;Овчина;Дубленка;;Коричневый;;;"6-7 фут2";;;;;;;;;Турция;;0;0;0;0;FOT;1;https://ozelifkoja.ru/dublyonka/tproduct/591656199972-dublenochnii-material-kyorli-visky
369286585952;;;;;"Дубленочный материал Кёрли ""Visky"" - Оттенок коричневого";;;;13.00;;;"Единица измерения:;Оттенок цвета:Оттенок коричневого #6e3b12";;3nAvvgEbsKmYV8bnVPVi;591656199972;;;;;;;;;;;;;;;;;;;0;0;0;0;;;https://ozelifkoja.ru/dublyonka/tproduct/591656199972-dublenochnii-material-kyorli-visky?editionuid=369286585952
361730800122;;;;;"Дубленочный материал Кёрли ""Visky"" - Оттенок коричневого";;;;1.40;;;"Единица измерения:;Оттенок цвета:Оттенок коричневого #6e3b12";;kRTOB8aRRsfO2CxTf0cZ;591656199972;;;;;;;;;;;;;;;;;;;0;0;0;0;;;https://ozelifkoja.ru/dublyonka/tproduct/591656199972-dublenochnii-material-kyorli-visky?editionuid=361730800122
633952839272;;;;"Дубленочный;Дубленка / Керли";"Дубленочный материал Кёрли ""Vintage Visky""";;;https://static.tildacdn.com/stor6439-6265-4362-b061-653234373430/62029928.jpg;;;;"product_options:[{""title"":""Единица измерения"",""params"":{""view"":""buttons"",""hasColor"":false,""linkImage"":false}},{""title"":""Оттенок цвета"",""params"":{""view"":""buttons"",""hasColor"":true,""linkImage"":false}}]";;4cyykfHTAhmvgDamnTa5;;Одежная;Овчина;Дубленка;;Коричневый;;;"5-6 фут2";;;;;;;;;Турция;;0;0;0;0;FOT;1;https://ozelifkoja.ru/dublyonka/tproduct/633952839272-dublenochnii-material-kyorli-vintage-vis
772292421822;;;;;"Дубленочный материал Кёрли ""Vintage Visky"" - фут2 - Оттенок коричневого";;;;7.00;;;"Единица измерения:фут2;Оттенок цвета:Оттенок коричневого #6e3b12";;JM5FnKP62ioCPxNpS6oL;633952839272;;;;;;;;;;;;;;;;;;;0;0;0;0;;;https://ozelifkoja.ru/dublyonka/tproduct/633952839272-dublenochnii-material-kyorli-vintage-vis?editionuid=772292421822
914826542992;;;;;"Дубленочный материал Кёрли ""Vintage Visky"" - дм2 - Оттенок коричневого";;;;0.75;;;"Единица измерения:дм2;Оттенок цвета:Оттенок коричневого #6e3b12";;in03OEONxZp3aaFh1e7C;633952839272;;;;;;;;;;;;;;;;;;;0;0;0;0;;;https://ozelifkoja.ru/dublyonka/tproduct/633952839272-dublenochnii-material-kyorli-vintage-vis?editionuid=914826542992
893838431702;;;;"Дубленочный;Дубленка / Меринилло";"Дубленочный материал Меринилло ""Brown""";;;https://static.tildacdn.com/stor6639-6430-4161-b539-643862663663/15655624.jpg;;;;"product_options:[{""title"":""Единица измерения"",""params"":{""view"":""buttons"",""hasColor"":false,""linkImage"":false}},{""title"":""Оттенок цвета"",""params"":{""view"":""buttons"",""hasColor"":true,""linkImage"":false}}]";;ZRuuikNg3dvFLdMizRMY;;Одежная;Овчина;Дубленка;;Коричневый;;;"4-5 фут2";;;;;;;;;Испания;;0;0;0;0;FOT;1;https://ozelifkoja.ru/dublyonka/tproduct/893838431702-dublenochnii-material-merinillo-brown
478163810362;;;;;"Дубленочный материал Меринилло ""Brown"" - фут2 - Оттенок коричневого";;;;10.00;;;"Единица измерения:фут2;Оттенок цвета:Оттенок коричневого #6e3b12";;XKs8BJj39NCdj8L40HDA;893838431702;;;;;;;;;;;;;;;;;;;0;0;0;0;;;https://ozelifkoja.ru/dublyonka/tproduct/893838431702-dublenochnii-material-merinillo-brown?editionuid=478163810362
932215676702;;;;;"Дубленочный материал Меринилло ""Brown"" - дм2 - Оттенок коричневого";;;;1.07;;;"Единица измерения:дм2;Оттенок цвета:Оттенок коричневого #6e3b12";;Mhvszhm3X1MUBJNOrKGp;893838431702;;;;;;;;;;;;;;;;;;;0;0;0;0;;;https://ozelifkoja.ru/dublyonka/tproduct/893838431702-dublenochnii-material-merinillo-brown?editionuid=932215676702
821863026422;;;;"Дубленочный;Дубленка / Меринилло;Новинки";"Дубленочный материал Меринилло ""Beige""";;;https://static.tildacdn.com/stor3462-3730-4663-b534-336138633165/27876566.jpg;;;;"product_options:[{""title"":""Единица измерения"",""params"":{""view"":""buttons"",""hasColor"":false,""linkImage"":false}},{""title"":""Оттенок цвета"",""params"":{""view"":""buttons"",""hasColor"":true,""linkImage"":false}}]";;BnBUIABtdxj1sJXlUtVS;;Одежная;Овчина;Дубленка;;Бежевый;;;"5-6 фут2";;;;;;;;;Испания;;0;0;0;0;FOT;1;https://ozelifkoja.ru/dublyonka/tproduct/821863026422-dublenochnii-material-merinillo-beige
525376360172;;;;;"Дубленочный материал Меринилло ""Beige"" - фут2 - Оттенок бежевого";;;;11.00;;;"Единица измерения:фут2;Оттенок цвета:Оттенок бежевого #d4b088";;otTEjO45jBmnzj7bRuS3;821863026422;;;;;;;;;;;;;;;;;;;0;0;0;0;;;https://ozelifkoja.ru/dublyonka/tproduct/821863026422-dublenochnii-material-merinillo-beige?editionuid=525376360172
507518434872;;;;;"Дубленочный материал Меринилло ""Beige"" - дм2 - Оттенок бежевого";;;;1.18;;;"Единица измерения:дм2;Оттенок цвета:Оттенок бежевого #d4b088";;en1KMIjGxs9v4a7ZnnuM;821863026422;;;;;;;;;;;;;;;;;;;0;0;0;0;;;https://ozelifkoja.ru/dublyonka/tproduct/821863026422-dublenochnii-material-merinillo-beige?editionuid=507518434872
970909198732;;;;"Дубленочный;Дубленка / Керли";"Дубленочный материал Кёрли ""Marocco Taba""";;;https://static.tildacdn.com/stor3866-6566-4432-a134-623864363863/46076560.jpg;;;;"product_options:[{""title"":""Единица измерения"",""params"":{""view"":""buttons"",""hasColor"":false,""linkImage"":false}},{""title"":""Оттенок цвета"",""params"":{""view"":""buttons"",""hasColor"":true,""linkImage"":false}}]";;nAkCFXuf1G885VIpsvjX;;Одежная;Овчина;Дубленка;;Коричневый;;;"6-7 фут2";;;Замша;;;;;;Турция;;0;0;0;0;FOT;1;https://ozelifkoja.ru/dublyonka/tproduct/970909198732-dublenochnii-material-kyorli-marocco-tab
765859056822;;;;;"Дубленочный материал Кёрли ""Marocco Taba"" - фут2 - Оттенок коричневого";;;;9.00;;;"Единица измерения:фут2;Оттенок цвета:Оттенок коричневого #6e3b12";;xLLA1ua5YkTHkIcuMMlv;970909198732;;;;;;;;;;;;;;;;;;;0;0;0;0;;;https://ozelifkoja.ru/dublyonka/tproduct/970909198732-dublenochnii-material-kyorli-marocco-tab?editionuid=765859056822
737242524562;;;;;"Дубленочный материал Кёрли ""Marocco Taba"" - дм2 - Оттенок коричневого";;;;0.96;;;"Единица измерения:дм2;Оттенок цвета:Оттенок коричневого #6e3b12";;jRIh4e2E1r8Yef7tm3S1;970909198732;;;;;;;;;;;;;;;;;;;0;0;0;0;;;https://ozelifkoja.ru/dublyonka/tproduct/970909198732-dublenochnii-material-kyorli-marocco-tab?editionuid=737242524562
777314676412;;;;"Дубленочный;Дубленка / Тиградо";"Дубленочный материал Тиградо ""Coffee&amp;Milk""";;;https://static.tildacdn.com/stor3335-3130-4161-b566-346162316238/27395425.jpg;;;;"product_options:[{""title"":""Единица измерения"",""params"":{""view"":""buttons"",""hasColor"":false,""linkImage"":false}},{""title"":""Оттенок цвета"",""params"":{""view"":""buttons"",""hasColor"":true,""linkImage"":false}}]";;dFG2OY9XsIjxSnJoFHPX;;Одежная;Овчина;Дубленка;;Бежевый;;;"3-4 фут2";;;Замша;;;;;;Италия;;0;0;0;0;FOT;1;https://ozelifkoja.ru/dublyonka/tproduct/777314676412-dublenochnii-material-tigrado-coffeeampm
342626926662;;;;;"Дубленочный материал Тиградо ""Coffee&amp;Milk"" - фут2 - Оттенок бежевого";;;;15.00;;;"Единица измерения:фут2;Оттенок цвета:Оттенок бежевого #d4b088";;SeFtXlpJoA0oat1RRgLr;777314676412;;;;;;;;;;;;;;;;;;;0;0;0;0;;;https://ozelifkoja.ru/dublyonka/tproduct/777314676412-dublenochnii-material-tigrado-coffeeampm?editionuid=342626926662
338293876592;;;;;"Дубленочный материал Тиградо ""Coffee&amp;Milk"" - дм2 - Оттенок бежевого";;;;1.61;;;"Единица измерения:дм2;Оттенок цвета:Оттенок бежевого #d4b088";;faSTIy8OPcKkPMi9kLrk;777314676412;;;;;;;;;;;;;;;;;;;0;0;0;0;;;https://ozelifkoja.ru/dublyonka/tproduct/777314676412-dublenochnii-material-tigrado-coffeeampm?editionuid=338293876592
229448655532;;;;"Дубленочный;Дубленка / Меринос;Распродажа";"Дубленочный материал Меринос ""Navy""";;;https://static.tildacdn.com/stor3131-6431-4632-b461-323337306234/54506544.jpg;;;;"product_options:[{""title"":""Единица измерения"",""params"":{""view"":""buttons"",""hasColor"":false,""linkImage"":false}},{""title"":""Оттенок цвета"",""params"":{""view"":""buttons"",""hasColor"":true,""linkImage"":false}}]";;KMHlg45gC7E6lBp5ASGU;;Одежная;Овчина;Дубленка;;Синий;;;"7-8 фут2";;;Кожа;;;;;;Турция;;0;0;0;0;FOT;1;https://ozelifkoja.ru/dublyonka/tproduct/229448655532-dublenochnii-material-merinos-navy
311026369742;;;;;"Дубленочный материал Меринос ""Navy"" - фут2 - Оттенок синего";;;;7.00;;10;"Единица измерения:фут2;Оттенок цвета:Оттенок синего #0938f0";;jtr3dp1FkIhcCp4lovmg;229448655532;;;;;;;;;;;;;;;;;;;0;0;0;0;;;https://ozelifkoja.ru/dublyonka/tproduct/229448655532-dublenochnii-material-merinos-navy?editionuid=311026369742
243200981492;;;;;"Дубленочный материал Меринос ""Navy"" - дм2 - Оттенок синего";;;;0.75;;1.07;"Единица измерения:дм2;Оттенок цвета:Оттенок синего #0938f0";;tdUjJ2Er3B9TuNrSl1So;229448655532;;;;;;;;;;;;;;;;;;;0;0;0;0;;;https://ozelifkoja.ru/dublyonka/tproduct/229448655532-dublenochnii-material-merinos-navy?editionuid=243200981492
120963670042;;;;"Дубленочный;Дубленка / Керли;Новинки";"Дубленочный материал Кёрли ""Suede&amp;Black""";;;https://static.tildacdn.com/stor3530-6335-4437-a636-663963363465/47469541.jpg;;;;"product_options:[{""title"":""Единица измерения"",""params"":{""view"":""buttons"",""hasColor"":false,""linkImage"":false}},{""title"":""Оттенок цвета"",""params"":{""view"":""buttons"",""hasColor"":true,""linkImage"":false}}]";;IZvUeF4O9tI575AukYU8;;Одежная;Овчина;Дубленка;;Чёрный;;;"6-7 фут2";;;Замша;;;;;;Испания;;0;0;0;0;FOT;1;https://ozelifkoja.ru/dublyonka/tproduct/120963670042-dublenochnii-material-kyorli-suedeampbla
251881747832;;;;;"Дубленочный материал Кёрли ""Suede&amp;Black"" - фут2 - Оттенок черного";;;;13.00;;;"Единица измерения:фут2;Оттенок цвета:Оттенок черного #000000";;bJteAdXJGZ2tE67izyXP;120963670042;;;;;;;;;;;;;;;;;;;0;0;0;0;;;https://ozelifkoja.ru/dublyonka/tproduct/120963670042-dublenochnii-material-kyorli-suedeampbla?editionuid=251881747832
918622685062;;;;;"Дубленочный материал Кёрли ""Suede&amp;Black"" - дм2 - Оттенок черного";;;;1.40;;;"Единица измерения:дм2;Оттенок цвета:Оттенок черного #000000";;7yBTxc6lN3AtCJBMpgSb;120963670042;;;;;;;;;;;;;;;;;;;0;0;0;0;;;https://ozelifkoja.ru/dublyonka/tproduct/120963670042-dublenochnii-material-kyorli-suedeampbla?editionuid=918622685062
949897016882;;;;"Дубленочный;Дубленка / Керли";"Дубленочный материал Кёрли ""Toffy Beige""";;;https://static.tildacdn.com/stor3839-6334-4164-a466-643130646236/72138038.jpg;;;;"product_options:[{""title"":""Единица измерения"",""params"":{""view"":""buttons"",""hasColor"":false,""linkImage"":false}},{""title"":""Оттенок цвета"",""params"":{""view"":""buttons"",""hasColor"":true,""linkImage"":false}}]";;r2XdVVatAAVUfyNAvioP;;Одежная;Овчина;Дубленка;;Бежевый;;;"5-6 фут2";;;Кожа;;;;;;Турция;;0;0;0;0;FOT;1;https://ozelifkoja.ru/dublyonka/tproduct/949897016882-dublenochnii-material-kyorli-toffy-beige
782803774032;;;;;"Дубленочный материал Кёрли ""Toffy Beige"" - фут2 - Оттенок бежевого";;;;8.00;;;"Единица измерения:фут2;Оттенок цвета:Оттенок бежевого #d4b088";;xTug7eOCCmn61S8XGzjr;949897016882;;;;;;;;;;;;;;;;;;;0;0;0;0;;;https://ozelifkoja.ru/dublyonka/tproduct/949897016882-dublenochnii-material-kyorli-toffy-beige?editionuid=782803774032
558296950082;;;;;"Дубленочный материал Кёрли ""Toffy Beige"" - дм2 - Оттенок бежевого";;;;0.86;;;"Единица измерения:дм2;Оттенок цвета:Оттенок бежевого #d4b088";;c4TBtsO8hkEXanj1YVP2;949897016882;;;;;;;;;;;;;;;;;;;0;0;0;0;;;https://ozelifkoja.ru/dublyonka/tproduct/949897016882-dublenochnii-material-kyorli-toffy-beige?editionuid=558296950082
681273705772;;;;"Дубленочный;Дубленка / Керли";"Дубленочный материал Кёрли ""Brown&amp;Silky""";;;https://static.tildacdn.com/stor6136-6165-4730-b536-353563396235/63695410.jpg;;;;"product_options:[{""title"":""Единица измерения"",""params"":{""view"":""buttons"",""hasColor"":false,""linkImage"":false}},{""title"":""Оттенок цвета"",""params"":{""view"":""buttons"",""hasColor"":true,""linkImage"":false}}]";;ljzKBCOpEOUJNLA3sDMO;;Одежная;Овчина;Дубленка;;Коричневый;;;"6-7 фут2";;;Кожа;;;;;;Турция;;0;0;0;0;FOT;1;https://ozelifkoja.ru/dublyonka/tproduct/681273705772-dublenochnii-material-kyorli-brownampsil
992980258302;;;;;"Дубленочный материал Кёрли ""Brown&amp;Silky"" - фут2 - Оттенок коричневого";;;;9.00;;;"Единица измерения:фут2;Оттенок цвета:Оттенок коричневого #6e3b12";;SbkY6jbF19XKvK0B4A1D;681273705772;;;;;;;;;;;;;;;;;;;0;0;0;0;;;https://ozelifkoja.ru/dublyonka/tproduct/681273705772-dublenochnii-material-kyorli-brownampsil?editionuid=992980258302
436408295572;;;;;"Дубленочный материал Кёрли ""Brown&amp;Silky"" - дм2 - Оттенок коричневого";;;;0.96;;;"Единица измерения:дм2;Оттенок цвета:Оттенок коричневого #6e3b12";;1A7xMF8mIk0DBUVyaAiK;681273705772;;;;;;;;;;;;;;;;;;;0;0;0;0;;;https://ozelifkoja.ru/dublyonka/tproduct/681273705772-dublenochnii-material-kyorli-brownampsil?editionuid=436408295572
403059338952;;;;"Дубленочный;Дубленка / Керли;Распродажа";"Дубленочный материал Кёрли ""Dark Brown""";;;https://static.tildacdn.com/stor3761-3132-4363-a631-646436663931/89551452.jpg;;;;"product_options:[{""title"":""Единица измерения"",""params"":{""view"":""buttons"",""hasColor"":false,""linkImage"":false}},{""title"":""Оттенок цвета"",""params"":{""view"":""buttons"",""hasColor"":true,""linkImage"":false}}]";;SsG7GoX9AnG2dgnfMIlf;;Одежная;Овчина;Дубленка;;Коричневый;;;"6-7 фут2";;;;;;;;;Турция;;0;0;0;0;FOT;1;https://ozelifkoja.ru/dublyonka/tproduct/403059338952-dublenochnii-material-kyorli-dark-brown
849493891042;;;;;"Дубленочный материал Кёрли ""Dark Brown"" - фут2 - Оттенок коричневого";;;;8.00;;10;"Единица измерения:фут2;Оттенок цвета:Оттенок коричневого #6e3b12";;7LVSm1lPx8TMfDseU5S2;403059338952;;;;;;;;;;;;;;;;;;;0;0;0;0;;;https://ozelifkoja.ru/dublyonka/tproduct/403059338952-dublenochnii-material-kyorli-dark-brown?editionuid=849493891042
168551810942;;;;;"Дубленочный материал Кёрли ""Dark Brown"" - дм2 - Оттенок коричневого";;;;0.86;;1.07;"Единица измерения:дм2;Оттенок цвета:Оттенок коричневого #6e3b12";;x2mDVRpnNfHCgiGl45LA;403059338952;;;;;;;;;;;;;;;;;;;0;0;0;0;;;https://ozelifkoja.ru/dublyonka/tproduct/403059338952-dublenochnii-material-kyorli-dark-brown?editionuid=168551810942
406215650612;;;;"Дубленочный;Дубленка / Тоскана";"Дубленочный материал Тоскана ""Bej""";;;https://static.tildacdn.com/stor3330-6637-4934-a563-333233306137/70447345.jpg;;;;"product_options:[{""title"":""Единица измерения"",""params"":{""view"":""buttons"",""hasColor"":false,""linkImage"":false}},{""title"":""Оттенок цвета"",""params"":{""view"":""buttons"",""hasColor"":true,""linkImage"":false}}]";;Utav0VFmHdjYz081ohB0;;Одежная;Овчина;Дубленка;;Бежевый;;;"4-5 фут2";;;;;;;;;Греция;;0;0;0;0;FOT;1;https://ozelifkoja.ru/dublyonka/tproduct/406215650612-dublenochnii-material-toskana-bej
192760944882;;;;;"Дубленочный материал Тоскана ""Bej"" - фут2 - Оттенок бежевого";;;;15.00;;;"Единица измерения:фут2;Оттенок цвета:Оттенок бежевого #d4b088";;HCCcgAxYRsHZvkKrIen9;406215650612;;;;;;;;;;;;;;;;;;;0;0;0;0;;;https://ozelifkoja.ru/dublyonka/tproduct/406215650612-dublenochnii-material-toskana-bej?editionuid=192760944882
883807255522;;;;;"Дубленочный материал Тоскана ""Bej"" - дм2 - Оттенок бежевого";;;;1.61;;;"Единица измерения:дм2;Оттенок цвета:Оттенок бежевого #d4b088";;fVfdyJynnUUEjII0jIdk;406215650612;;;;;;;;;;;;;;;;;;;0;0;0;0;;;https://ozelifkoja.ru/dublyonka/tproduct/406215650612-dublenochnii-material-toskana-bej?editionuid=883807255522
985153653922;;;;"Дубленочный;Дубленка / Тиградо";"Дубленочный материал Тиградо ""Luna""";;;https://static.tildacdn.com/stor3863-3961-4364-a663-356430356138/78888566.jpg;;;;"product_options:[{""title"":""Единица измерения"",""params"":{""view"":""buttons"",""hasColor"":false,""linkImage"":false}},{""title"":""Оттенок цвета"",""params"":{""view"":""buttons"",""hasColor"":true,""linkImage"":false}}]";;AfVphBYo8Ot4B79vGY9f;;Одежная;Овчина;Дубленка;;Бежевый;;;"3-4 фут2";;;Кожа;;;;;;Италия;;0;0;0;0;FOT;1;https://ozelifkoja.ru/dublyonka/tproduct/985153653922-dublenochnii-material-tigrado-luna
637723123242;;;;;"Дубленочный материал Тиградо ""Luna"" - фут2 - Оттенок бежевого";;;;15.00;;;"Единица измерения:фут2;Оттенок цвета:Оттенок бежевого #d4b088";;Hb8E8tXtm8ZeVJ2YF67M;985153653922;;;;;;;;;;;;;;;;;;;0;0;0;0;;;https://ozelifkoja.ru/dublyonka/tproduct/985153653922-dublenochnii-material-tigrado-luna?editionuid=637723123242
581670303502;;;;;"Дубленочный материал Тиградо ""Luna"" - дм2 - Оттенок бежевого";;;;1.61;;;"Единица измерения:дм2;Оттенок цвета:Оттенок бежевого #d4b088";;ZPyUhgzBJk2GA7EufJKm;985153653922;;;;;;;;;;;;;;;;;;;0;0;0;0;;;https://ozelifkoja.ru/dublyonka/tproduct/985153653922-dublenochnii-material-tigrado-luna?editionuid=581670303502
361870710602;;;;"Дубленочный;Дубленка / Меринос;Распродажа";"Дубленочный материал Меринос ""Brown Breez""";;;https://static.tildacdn.com/stor6133-3863-4833-b436-313864326335/48443144.jpg;;;;"product_options:[{""title"":""Единица измерения"",""params"":{""view"":""buttons"",""hasColor"":false,""linkImage"":false}},{""title"":""Оттенок цвета"",""params"":{""view"":""buttons"",""hasColor"":true,""linkImage"":false}}]";;d8IZYLSplI5Z0yueKKlv;;Одежная;Овчина;Дубленка;;Коричневый;;;"7-8 фут2";;;;;;;;;Турция;;0;0;0;0;FOT;1;https://ozelifkoja.ru/dublyonka/tproduct/361870710602-dublenochnii-material-merinos-brown-bree
902270159032;;;;;"Дубленочный материал Меринос ""Brown Breez"" - фут2 - Оттенок коричневого";;;;7.00;;10;"Единица измерения:фут2;Оттенок цвета:Оттенок коричневого #6e3b12";;KaJxF4PLFgO8m2htsOXz;361870710602;;;;;;;;;;;;;;;;;;;0;0;0;0;;;https://ozelifkoja.ru/dublyonka/tproduct/361870710602-dublenochnii-material-merinos-brown-bree?editionuid=902270159032
967635849182;;;;;"Дубленочный материал Меринос ""Brown Breez"" - дм2 - Оттенок коричневого";;;;0.75;;1.07;"Единица измерения:дм2;Оттенок цвета:Оттенок коричневого #6e3b12";;dFdv6pBZY3ViXcCRAZxu;361870710602;;;;;;;;;;;;;;;;;;;0;0;0;0;;;https://ozelifkoja.ru/dublyonka/tproduct/361870710602-dublenochnii-material-merinos-brown-bree?editionuid=967635849182
403871772402;;;;"Дубленочный;Дубленка / Тиградо";"Дубленочный материал Тиградо ""Caramel""";;;https://static.tildacdn.com/stor6231-3664-4534-a264-653037646136/65709757.jpg;;;;"product_options:[{""title"":""Единица измерения"",""params"":{""view"":""buttons"",""hasColor"":false,""linkImage"":false}},{""title"":""Оттенок цвета"",""params"":{""view"":""buttons"",""hasColor"":true,""linkImage"":false}}]";;Mgk6JURBPOkuozTCGxDR;;Одежная;Овчина;Дубленка;;Коричневый;;;"3-4 фут2";;;Замша;;;;;;Италия;;0;0;0;0;FOT;1;https://ozelifkoja.ru/dublyonka/tproduct/403871772402-dublenochnii-material-tigrado-caramel
518635094522;;;;;"Дубленочный материал Тиградо ""Caramel"" - фут2 - Оттенок коричневого";;;;15.00;;;"Единица измерения:фут2;Оттенок цвета:Оттенок коричневого #6e3b12";;9DA3pNvTv7sNaMSG7g7p;403871772402;;;;;;;;;;;;;;;;;;;0;0;0;0;;;https://ozelifkoja.ru/dublyonka/tproduct/403871772402-dublenochnii-material-tigrado-caramel?editionuid=518635094522
839869693162;;;;;"Дубленочный материал Тиградо ""Caramel"" - дм2 - Оттенок коричневого";;;;1.61;;;"Единица измерения:дм2;Оттенок цвета:Оттенок коричневого #6e3b12";;gHo2oflCEeAv7aOgv9UT;403871772402;;;;;;;;;;;;;;;;;;;0;0;0;0;;;https://ozelifkoja.ru/dublyonka/tproduct/403871772402-dublenochnii-material-tigrado-caramel?editionuid=839869693162
912316644802;;;;"Дубленочный;Дубленка / Тоскана";"Дубленочный материал Тоскана ""Dark Brown""";;;https://static.tildacdn.com/stor3864-3233-4037-a162-393163333433/74460660.jpg;;;;"product_options:[{""title"":""Единица измерения"",""params"":{""view"":""buttons"",""hasColor"":false,""linkImage"":false}},{""title"":""Оттенок цвета"",""params"":{""view"":""buttons"",""hasColor"":true,""linkImage"":false}}]";;Idk7sYDrhpfeJbGbzi3L;;Одежная;Овчина;Дубленка;;Коричневый;;;"4-5 фут2";;;;;;;;;Греция;;0;0;0;0;FOT;1;https://ozelifkoja.ru/dublyonka/tproduct/912316644802-dublenochnii-material-toskana-dark-brown
679873136822;;;;;"Дубленочный материал Тоскана ""Dark Brown"" - фут2 - Оттенок коричневого";;;;15.00;;;"Единица измерения:фут2;Оттенок цвета:Оттенок коричневого #6e3b12";;UerioaSTYdmbuJR2EmDh;912316644802;;;;;;;;;;;;;;;;;;;0;0;0;0;;;https://ozelifkoja.ru/dublyonka/tproduct/912316644802-dublenochnii-material-toskana-dark-brown?editionuid=679873136822
240756534182;;;;;"Дубленочный материал Тоскана ""Dark Brown"" - дм2 - Оттенок коричневого";;;;1.61;;;"Единица измерения:дм2;Оттенок цвета:Оттенок коричневого #6e3b12";;ekvb2MjAj084S8sGRgb8;912316644802;;;;;;;;;;;;;;;;;;;0;0;0;0;;;https://ozelifkoja.ru/dublyonka/tproduct/912316644802-dublenochnii-material-toskana-dark-brown?editionuid=240756534182
258775005892;;;;"Дубленочный;Дубленка / Тиградо";"Дубленочный материал Тиградо ""Milky""";;;https://static.tildacdn.com/stor3430-6631-4634-b662-616531633034/42572948.jpg;;;;"product_options:[{""title"":""Единица измерения"",""params"":{""view"":""buttons"",""hasColor"":false,""linkImage"":false}},{""title"":""Оттенок цвета"",""params"":{""view"":""buttons"",""hasColor"":true,""linkImage"":false}}]";;NvGhj961pvu5Vz33nLSU;;Одежная;Овчина;Дубленка;;Бежевый;;;"3-4 фут2";;;Кожа;;;;;;Италия;;0;0;0;0;FOT;1;https://ozelifkoja.ru/dublyonka/tproduct/258775005892-dublenochnii-material-tigrado-milky
393556227052;;;;;"Дубленочный материал Тиградо ""Milky"" - фут2 - Оттенок бежевого";;;;15.00;;;"Единица измерения:фут2;Оттенок цвета:Оттенок бежевого #d4b088";;4G05AMaJbDRicToLUI8i;258775005892;;;;;;;;;;;;;;;;;;;0;0;0;0;;;https://ozelifkoja.ru/dublyonka/tproduct/258775005892-dublenochnii-material-tigrado-milky?editionuid=393556227052
358248690892;;;;;"Дубленочный материал Тиградо ""Milky"" - дм2 - Оттенок бежевого";;;;1.61;;;"Единица измерения:дм2;Оттенок цвета:Оттенок бежевого #d4b088";;2ZOsa5ZR3KFjfrDXSlLj;258775005892;;;;;;;;;;;;;;;;;;;0;0;0;0;;;https://ozelifkoja.ru/dublyonka/tproduct/258775005892-dublenochnii-material-tigrado-milky?editionuid=358248690892
153202069522;;;;"Дубленочный;Дубленка / Керли";"Дубленочный материал Кёрли ""Pistachio""";;;https://static.tildacdn.com/stor3730-3638-4562-b136-613465663232/79617589.jpg;;;;"product_options:[{""title"":""Единица измерения"",""params"":{""view"":""buttons"",""hasColor"":false,""linkImage"":false}},{""title"":""Оттенок цвета"",""params"":{""view"":""buttons"",""hasColor"":true,""linkImage"":false}}]";;uGB0XzFTGMOdKkHFfOjk;;Одежная;Овчина;Дубленка;;Зеленый;;;"6-7 фут2";;;;;;;;;Турция;;0;0;0;0;FOT;1;https://ozelifkoja.ru/dublyonka/tproduct/153202069522-dublenochnii-material-kyorli-pistachio
456774159712;;;;;"Дубленочный материал Кёрли ""Pistachio"" - фут2 - Оттенок зеленого";;;;9.00;;;"Единица измерения:фут2;Оттенок цвета:Оттенок зеленого #028a34";;C68521ChX6HGSZ0grkCR;153202069522;;;;;;;;;;;;;;;;;;;0;0;0;0;;;https://ozelifkoja.ru/dublyonka/tproduct/153202069522-dublenochnii-material-kyorli-pistachio?editionuid=456774159712
939579970052;;;;;"Дубленочный материал Кёрли ""Pistachio"" - дм2 - Оттенок зеленого";;;;0.96;;;"Единица измерения:дм2;Оттенок цвета:Оттенок зеленого #028a34";;M3Jg5mo2P5ZmGTvMAGek;153202069522;;;;;;;;;;;;;;;;;;;0;0;0;0;;;https://ozelifkoja.ru/dublyonka/tproduct/153202069522-dublenochnii-material-kyorli-pistachio?editionuid=939579970052
655187631822;;;;"Дубленочный;Дубленка / Меринос;Распродажа";"Дубленочный материал Меринос ""Vintage Visky""";;;https://static.tildacdn.com/stor3639-6162-4661-b766-393238326266/67723668.jpg;;;;"product_options:[{""title"":""Единица измерения"",""params"":{""view"":""buttons"",""hasColor"":false,""linkImage"":false}},{""title"":""Оттенок цвета"",""params"":{""view"":""buttons"",""hasColor"":true,""linkImage"":false}}]";;Ffs76ScMBbHXkVO5fRGj;;Одежная;Овчина;Дубленка;;Коричневый;;;"6-7 фут2";;;;;;;;;Турция;;0;0;0;0;FOT;1;https://ozelifkoja.ru/dublyonka/tproduct/655187631822-dublenochnii-material-merinos-vintage-vi
392854233662;;;;;"Дубленочный материал Меринос ""Vintage Visky"" - Оттенок коричневого";;;;7.00;;10;"Единица измерения:;Оттенок цвета:Оттенок коричневого #6e3b12";;XG1NZl8otrIr63Auy1ug;655187631822;;;;;;;;;;;;;;;;;;;0;0;0;0;;;https://ozelifkoja.ru/dublyonka/tproduct/655187631822-dublenochnii-material-merinos-vintage-vi?editionuid=392854233662
855873673452;;;;;"Дубленочный материал Меринос ""Vintage Visky"" - Оттенок коричневого";;;;0.75;;1.07;"Единица измерения:;Оттенок цвета:Оттенок коричневого #6e3b12";;ZNfE2uLF1s3Adjg11zJT;655187631822;;;;;;;;;;;;;;;;;;;0;0;0;0;;;https://ozelifkoja.ru/dublyonka/tproduct/655187631822-dublenochnii-material-merinos-vintage-vi?editionuid=855873673452
964939394722;;;;"Дубленочный;Дубленка / Керли";"Дубленочный материал Кёрли ""Beige""";;;https://static.tildacdn.com/stor3163-3038-4330-b639-323964643664/97593368.jpg;;;;"product_options:[{""title"":""Единица измерения"",""params"":{""view"":""buttons"",""hasColor"":false,""linkImage"":false}},{""title"":""Оттенок цвета"",""params"":{""view"":""buttons"",""hasColor"":true,""linkImage"":false}}]";;5kdvs3IJrhKEJPbj9eHI;;Одежная;Овчина;Дубленка;;Бежевый;;;"4-5 фут2";;;Кожа;;;;;;Испания;;0;0;0;0;FOT;1;https://ozelifkoja.ru/dublyonka/tproduct/964939394722-dublenochnii-material-kyorli-beige
459704336512;;;;;"Дубленочный материал Кёрли ""Beige"" - фут2 - Оттенок бежевого";;;;8.00;;;"Единица измерения:фут2;Оттенок цвета:Оттенок бежевого #d4b088";;ZMmBXCvYZaRmZPerU9J4;964939394722;;;;;;;;;;;;;;;;;;;0;0;0;0;;;https://ozelifkoja.ru/dublyonka/tproduct/964939394722-dublenochnii-material-kyorli-beige?editionuid=459704336512
610419654712;;;;;"Дубленочный материал Кёрли ""Beige"" - дм2 - Оттенок бежевого";;;;0.86;;;"Единица измерения:дм2;Оттенок цвета:Оттенок бежевого #d4b088";;C58VUBl4jZ5Sncj03jHj;964939394722;;;;;;;;;;;;;;;;;;;0;0;0;0;;;https://ozelifkoja.ru/dublyonka/tproduct/964939394722-dublenochnii-material-kyorli-beige?editionuid=610419654712
570274326502;;;;"Дубленочный;Дубленка / Керли";"Дубленочный материал Кёрли ""Black&amp;Silky""";;;https://static.tildacdn.com/stor3062-3032-4262-b835-643164646666/82561070.jpg;;;;"product_options:[{""title"":""Единица измерения"",""params"":{""view"":""buttons"",""hasColor"":false,""linkImage"":false}},{""title"":""Оттенок цвета"",""params"":{""view"":""buttons"",""hasColor"":true,""linkImage"":false}}]";;TXsHk8h3Vj7Sj2g3kpMC;;Одежная;Овчина;Дубленка;;Чёрный;;;"6-7 фут2";;;Кожа;;;;;;Испания;;0;0;0;0;FOT;1;https://ozelifkoja.ru/dublyonka/tproduct/570274326502-dublenochnii-material-kyorli-blackampsil
962439747492;;;;;"Дубленочный материал Кёрли ""Black&amp;Silky"" - фут2 - Оттенок черного";;;;13.00;;;"Единица измерения:фут2;Оттенок цвета:Оттенок черного #000000";;bUBhBhjuVSgsZ1z2s7sP;570274326502;;;;;;;;;;;;;;;;;;;0;0;0;0;;;https://ozelifkoja.ru/dublyonka/tproduct/570274326502-dublenochnii-material-kyorli-blackampsil?editionuid=962439747492
261225652132;;;;;"Дубленочный материал Кёрли ""Black&amp;Silky"" - дм2 - Оттенок черного";;;;1.40;;;"Единица измерения:дм2;Оттенок цвета:Оттенок черного #000000";;5yHmEzEm3ELDYgtkoe8N;570274326502;;;;;;;;;;;;;;;;;;;0;0;0;0;;;https://ozelifkoja.ru/dublyonka/tproduct/570274326502-dublenochnii-material-kyorli-blackampsil?editionuid=261225652132
493027589502;;;;"Дубленочный;Дубленка / Кашемир";"Дубленочный материал Кашемир ""Lacon Cappuccino""";;;https://static.tildacdn.com/stor3765-6435-4464-a163-323062663139/61646294.jpg;;;;"product_options:[{""title"":""Единица измерения"",""params"":{""view"":""buttons"",""hasColor"":false,""linkImage"":false}},{""title"":""Оттенок цвета"",""params"":{""view"":""buttons"",""hasColor"":true,""linkImage"":false}}]";;GAPko3hoDrt1igmny3CG;;Одежная;Овчина;Дубленка;;Бежевый;;;"4-5 фут2";;;;;;;;;Испания;;0;0;0;0;FOT;1;https://ozelifkoja.ru/dublyonka/tproduct/493027589502-dublenochnii-material-kashemir-lacon-cap
501214515242;;;;;"Дубленочный материал Кашемир ""Lacon Cappuccino"" - Оттенок бежевого";;;;11.00;;;"Единица измерения:;Оттенок цвета:Оттенок бежевого #d4b088";;edOt7YJUXt7kNJ5bLaC5;493027589502;;;;;;;;;;;;;;;;;;;0;0;0;0;;;https://ozelifkoja.ru/dublyonka/tproduct/493027589502-dublenochnii-material-kashemir-lacon-cap?editionuid=501214515242
351394221292;;;;;"Дубленочный материал Кашемир ""Lacon Cappuccino"" - Оттенок бежевого";;;;1.18;;;"Единица измерения:;Оттенок цвета:Оттенок бежевого #d4b088";;VzlHieFf6rAIK11ZPL74;493027589502;;;;;;;;;;;;;;;;;;;0;0;0;0;;;https://ozelifkoja.ru/dublyonka/tproduct/493027589502-dublenochnii-material-kashemir-lacon-cap?editionuid=351394221292
272984596522;;;;"Дубленочный;Дубленка / Тоскана";"Дубленочный материал Тоскана ""Brown&amp;Bordo""";;;https://static.tildacdn.com/stor3066-6337-4266-a436-663666653138/46452485.jpg;;;;"product_options:[{""title"":""Единица измерения"",""params"":{""view"":""buttons"",""hasColor"":false,""linkImage"":false}},{""title"":""Оттенок цвета"",""params"":{""view"":""buttons"",""hasColor"":true,""linkImage"":false}}]";;fk4ZXt0lzPVLBAOOKGdj;;Одежная;Овчина;Дубленка;;Коричневый;;;"4-5 фут2";;;;;;;;;Греция;;0;0;0;0;FOT;1;https://ozelifkoja.ru/dublyonka/tproduct/272984596522-dublenochnii-material-toskana-brownampbo
562243168552;;;;;"Дубленочный материал Тоскана ""Brown&amp;Bordo"" - фут2 - Оттенок коричневого";;;;7.00;;;"Единица измерения:фут2;Оттенок цвета:Оттенок коричневого #6e3b12";;aBkT62oCvg4cTJKZkE2f;272984596522;;;;;;;;;;;;;;;;;;;0;0;0;0;;;https://ozelifkoja.ru/dublyonka/tproduct/272984596522-dublenochnii-material-toskana-brownampbo?editionuid=562243168552
591530697242;;;;;"Дубленочный материал Тоскана ""Brown&amp;Bordo"" - дм2 - Оттенок коричневого";;;;0.75;;;"Единица измерения:дм2;Оттенок цвета:Оттенок коричневого #6e3b12";;xOgeCHMmT6yr5zL8Dnhj;272984596522;;;;;;;;;;;;;;;;;;;0;0;0;0;;;https://ozelifkoja.ru/dublyonka/tproduct/272984596522-dublenochnii-material-toskana-brownampbo?editionuid=591530697242
316389417742;;;;"Дубленочный;Дубленка / Керли;Новинки";"Дубленочный материал Кёрли ""Olive&amp;Suede""";;;https://static.tildacdn.com/stor6635-3062-4736-b738-356639613034/13431323.jpg;;;;"product_options:[{""title"":""Единица измерения"",""params"":{""view"":""buttons"",""hasColor"":false,""linkImage"":false}},{""title"":""Оттенок цвета"",""params"":{""view"":""buttons"",""hasColor"":true,""linkImage"":false}}]";;yo7alcsomZ9oIV3b2DGc;;Одежная;Овчина;Дубленка;;Коричневый;;;"6-7 фут2";;;Замша;;;;;;Испания;;0;0;0;0;FOT;1;https://ozelifkoja.ru/dublyonka/tproduct/316389417742-dublenochnii-material-kyorli-oliveampsue
580104343752;;;;;"Дубленочный материал Кёрли ""Olive&amp;Suede"" - фут2 - Оттенок коричневого";;;;13.00;;;"Единица измерения:фут2;Оттенок цвета:Оттенок коричневого #6e3b12";;sTgZSahXKHdjFXDHusVD;316389417742;;;;;;;;;;;;;;;;;;;0;0;0;0;;;https://ozelifkoja.ru/dublyonka/tproduct/316389417742-dublenochnii-material-kyorli-oliveampsue?editionuid=580104343752
500244896982;;;;;"Дубленочный материал Кёрли ""Olive&amp;Suede"" - дм2 - Оттенок коричневого";;;;1.40;;;"Единица измерения:дм2;Оттенок цвета:Оттенок коричневого #6e3b12";;pzOt17mZbNipnORi8VFf;316389417742;;;;;;;;;;;;;;;;;;;0;0;0;0;;;https://ozelifkoja.ru/dublyonka/tproduct/316389417742-dublenochnii-material-kyorli-oliveampsue?editionuid=500244896982
660239762202;;;;"Одежная;Одежная / Винтажная";"Marocco Grey";;;https://static.tildacdn.com/stor3933-3138-4535-a237-613831643365/84578309.jpg;;;;"product_options:[{""title"":""Единица измерения"",""params"":{""view"":""buttons"",""hasColor"":false,""linkImage"":false}},{""title"":""Оттенок цвета"",""params"":{""view"":""buttons"",""hasColor"":true,""linkImage"":false}}]";;s3TYtXPkc96os8g4U92C;;Одежная;Овчина;;;Серый;Арт-MAROCCOGREY;1;"6-7 фут";0.8-0.9;;;;;;;;Турция;;0;0;0;0;FOT;1;https://ozelifkoja.ru/odejnayakozha/tproduct/660239762202-marocco-grey
959185349502;;;;;"Marocco Grey - фут2 - Оттенок серого";;;;5.00;;;"Единица измерения:фут2;Оттенок цвета:Оттенок серого #9e9898";;K8gNEvytMUnuX9FpVYG1;660239762202;;;;;;;;;;;;;;;;;;;0;0;0;0;;;https://ozelifkoja.ru/odejnayakozha/tproduct/660239762202-marocco-grey?editionuid=959185349502
312662985802;;;;;"Marocco Grey - дм2 - Оттенок серого";;;;0.53;;;"Единица измерения:дм2;Оттенок цвета:Оттенок серого #9e9898";;xtNrNmfKt6hfInOYkr5k;660239762202;;;;;;;;;;;;;;;;;;;0;0;0;0;;;https://ozelifkoja.ru/odejnayakozha/tproduct/660239762202-marocco-grey?editionuid=312662985802
397360850432;;;;"Одежная;Одежная / Винтажная";"Marocco Visky";;;https://static.tildacdn.com/stor3631-6333-4537-a233-303533663137/78850687.jpg;;;;"product_options:[{""title"":""Единица измерения"",""params"":{""view"":""buttons"",""hasColor"":false,""linkImage"":false}},{""title"":""Оттенок цвета"",""params"":{""view"":""buttons"",""hasColor"":true,""linkImage"":false}}]";;0ES9N4jL1BO8s8juu22L;;Одежная;Овчина;;;Коричневый;Арт-MAROCCOVISKY;1;"6-7 фут";0.8-0.9;;;;;;;;Турция;;0;0;0;0;FOT;1;https://ozelifkoja.ru/odejnayakozha/tproduct/397360850432-marocco-visky
653062193822;;;;;"Marocco Visky - фут2 - Оттенок коричневого";;;;5.00;;;"Единица измерения:фут2;Оттенок цвета:Оттенок коричневого #6e3b12";;67n3tCa9jh9UMX4VkKGh;397360850432;;;;;;;;;;;;;;;;;;;0;0;0;0;;;https://ozelifkoja.ru/odejnayakozha/tproduct/397360850432-marocco-visky?editionuid=653062193822
377232038742;;;;;"Marocco Visky - дм2 - Оттенок коричневого";;;;0.53;;;"Единица измерения:дм2;Оттенок цвета:Оттенок коричневого #6e3b12";;kpSkjHrKJ6tyihdPxdAj;397360850432;;;;;;;;;;;;;;;;;;;0;0;0;0;;;https://ozelifkoja.ru/odejnayakozha/tproduct/397360850432-marocco-visky?editionuid=377232038742
823643096892;;;;"Одежная;Одежная / Винтажная";"Marocco Olive";;;https://static.tildacdn.com/stor3234-6366-4737-a332-636162393262/37746506.jpg;;;;"product_options:[{""title"":""Единица измерения"",""params"":{""view"":""buttons"",""hasColor"":false,""linkImage"":false}},{""title"":""Оттенок цвета"",""params"":{""view"":""buttons"",""hasColor"":true,""linkImage"":false}}]";;9Zuz5mCsDf1YVySKoOFa;;Одежная;Овчина;;;Оливковый;Арт-MAROCCOOLIVE;1;"6-7 фут";0.8-0.9;;;;;;;;Турция;;0;0;0;0;FOT;1;https://ozelifkoja.ru/odejnayakozha/tproduct/823643096892-marocco-olive
858305604382;;;;;"Marocco Olive - фут2 - Оттенок оливкового";;;;5.00;;;"Единица измерения:фут2;Оттенок цвета:Оттенок оливкового #414d12";;bYb39nshzrbEsEPrdSXm;823643096892;;;;;;;;;;;;;;;;;;;0;0;0;0;;;https://ozelifkoja.ru/odejnayakozha/tproduct/823643096892-marocco-olive?editionuid=858305604382
422984755912;;;;;"Marocco Olive - дм2 - Оттенок оливкового";;;;0.53;;;"Единица измерения:дм2;Оттенок цвета:Оттенок оливкового #414d12";;3o14y30hyOkujTTRTKJ2;823643096892;;;;;;;;;;;;;;;;;;;0;0;0;0;;;https://ozelifkoja.ru/odejnayakozha/tproduct/823643096892-marocco-olive?editionuid=422984755912
421986272162;;;;"Одежная;Одежная / Винтажная";"Napato Black";;;https://static.tildacdn.com/stor6536-6132-4463-b334-616330326637/97384354.jpg;;;;"product_options:[{""title"":""Единица измерения"",""params"":{""view"":""buttons"",""hasColor"":false,""linkImage"":false}},{""title"":""Оттенок цвета"",""params"":{""view"":""buttons"",""hasColor"":true,""linkImage"":false}}]";;E42DfCr8cgAr55F2d4FY;;Одежная;Овчина;;;Черный;Арт-NAPATOBLACK;1;"6-7 фут";0.8-0.9;;;;;;;;Турция;;0;0;0;0;FOT;1;https://ozelifkoja.ru/odejnayakozha/tproduct/421986272162-napato-black
437742948642;;;;;"Napato Black - фут2 - Оттенок черного";;;;5.00;;;"Единица измерения:фут2;Оттенок цвета:Оттенок черного #000000";;TmuRM9hefX5rFr3x3XAJ;421986272162;;;;;;;;;;;;;;;;;;;0;0;0;0;;;https://ozelifkoja.ru/odejnayakozha/tproduct/421986272162-napato-black?editionuid=437742948642
786438687632;;;;;"Napato Black - дм2 - Оттенок черного";;;;0.53;;;"Единица измерения:дм2;Оттенок цвета:Оттенок черного #000000";;1jcXIeAi9OmAylaCvPb3;421986272162;;;;;;;;;;;;;;;;;;;0;0;0;0;;;https://ozelifkoja.ru/odejnayakozha/tproduct/421986272162-napato-black?editionuid=786438687632
710729180752;;;;"Одежная;Одежная / Винтажная";"Marocco Bordo";;;https://static.tildacdn.com/stor3031-6362-4765-b737-323466613834/65888948.jpg;;;;"product_options:[{""title"":""Единица измерения"",""params"":{""view"":""buttons"",""hasColor"":false,""linkImage"":false}},{""title"":""Оттенок цвета"",""params"":{""view"":""buttons"",""hasColor"":true,""linkImage"":false}}]";;OMYsPYacOfMgs6A2t7KU;;Одежная;Овчина;;;Бордовый;Арт-MAROCCOBORDO;1;"6-7 фут";0.8-0.9;;;;;;;;Турция;;0;0;0;0;FOT;1;https://ozelifkoja.ru/odejnayakozha/tproduct/710729180752-marocco-bordo
914995289082;;;;;"Marocco Bordo - Оттенок бордового";;;;5.00;;;"Единица измерения:;Оттенок цвета:Оттенок бордового #70081d";;fvcA9m4djVlcBdJ5oEUO;710729180752;;;;;;;;;;;;;;;;;;;0;0;0;0;;;https://ozelifkoja.ru/odejnayakozha/tproduct/710729180752-marocco-bordo?editionuid=914995289082
720923083352;;;;;"Marocco Bordo - Оттенок бордового";;;;0.53;;;"Единица измерения:;Оттенок цвета:Оттенок бордового #70081d";;HT79A2yL7ZRAF54XMgbf;710729180752;;;;;;;;;;;;;;;;;;;0;0;0;0;;;https://ozelifkoja.ru/odejnayakozha/tproduct/710729180752-marocco-bordo?editionuid=720923083352
266593405722;;;;"Одежная;Одежная / Гладкая";"Andas Black";;;https://static.tildacdn.com/stor6132-6530-4135-b038-653435353563/84606147.jpg;;;;"product_options:[{""title"":""Единица измерения"",""params"":{""view"":""buttons"",""hasColor"":false,""linkImage"":false}},{""title"":""Оттенок цвета"",""params"":{""view"":""buttons"",""hasColor"":true,""linkImage"":false}}]";;fitvEpb1jJtBbD6Uo1nF;;Одежная;Овчина;;;Черный;Арт-ANDASBLACK;1;"6-7 фут";0.7-0.8;;;;;;;;Турция;;0;0;0;0;FOT;1;https://ozelifkoja.ru/odejnayakozha/tproduct/266593405722-andas-black
932142604412;;;;;"Andas Black - фут2 - Оттенок черного";;;;5.00;;;"Единица измерения:фут2;Оттенок цвета:Оттенок черного #000000";;1AjTi0ZUviUH8I69ycc2;266593405722;;;;;;;;;;;;;;;;;;;0;0;0;0;;;https://ozelifkoja.ru/odejnayakozha/tproduct/266593405722-andas-black?editionuid=932142604412
287009314862;;;;;"Andas Black - дм2 - Оттенок черного";;;;0.53;;;"Единица измерения:дм2;Оттенок цвета:Оттенок черного #000000";;siu9OgcCjPoz6T7dUuv2;266593405722;;;;;;;;;;;;;;;;;;;0;0;0;0;;;https://ozelifkoja.ru/odejnayakozha/tproduct/266593405722-andas-black?editionuid=287009314862
175006970682;;;;"Одежная;Одежная / Фактурная";"Cosmos Bordo";;;https://static.tildacdn.com/stor3661-3262-4563-a238-323837616632/47132874.jpg;;;;"product_options:[{""title"":""Единица измерения"",""params"":{""view"":""buttons"",""hasColor"":false,""linkImage"":false}},{""title"":""Оттенок цвета"",""params"":{""view"":""buttons"",""hasColor"":true,""linkImage"":false}}]";;SVH3TD2ahX9LHdpRNgc0;;Одежная;Овчина;;;Бордовый;Арт-COSMOSBORDO;1;"5-6 фут";0.9-1;;;;;;;;Турция;;0;0;0;0;FOT;1;https://ozelifkoja.ru/odejnayakozha/tproduct/175006970682-cosmos-bordo
141908377772;;;;;"Cosmos Bordo - Оттенок бордового";;;;5.00;;;"Единица измерения:;Оттенок цвета:Оттенок бордового #70081d";;HeZMfCtyaJjuby73Nrsc;175006970682;;;;;;;;;;;;;;;;;;;0;0;0;0;;;https://ozelifkoja.ru/odejnayakozha/tproduct/175006970682-cosmos-bordo?editionuid=141908377772
261914928222;;;;;"Cosmos Bordo - Оттенок бордового";;;;0.53;;;"Единица измерения:;Оттенок цвета:Оттенок бордового #70081d";;zvhox6Tiu8hUaHAcUzCs;175006970682;;;;;;;;;;;;;;;;;;;0;0;0;0;;;https://ozelifkoja.ru/odejnayakozha/tproduct/175006970682-cosmos-bordo?editionuid=261914928222
762509667352;;;;"Одежная;Одежная / Винтажная";"Savanna Green";;;https://static.tildacdn.com/stor6462-6632-4461-b436-633933636130/48092452.jpg;;;;"product_options:[{""title"":""Единица измерения"",""params"":{""view"":""buttons"",""hasColor"":false,""linkImage"":false}},{""title"":""Оттенок цвета"",""params"":{""view"":""buttons"",""hasColor"":true,""linkImage"":false}}]";;cH1Be77V6npAJNm7ShLK;;Одежная;Овчина;;;Зеленый;Арт-SAVANNAGREEN;1;"7-8 фут2";0.9-1;;;;;;;;Турция;;0;0;0;0;FOT;1;https://ozelifkoja.ru/odejnayakozha/tproduct/762509667352-savanna-green
249118744992;;;;;"Savanna Green - фут2 - Оттенок зеленого";;;;5.50;;;"Единица измерения:фут2;Оттенок цвета:Оттенок зеленого #028a34";;OpF2DSpanV8yDkpfjJeu;762509667352;;;;;;;;;;;;;;;;;;;0;0;0;0;;;https://ozelifkoja.ru/odejnayakozha/tproduct/762509667352-savanna-green?editionuid=249118744992
425385904932;;;;;"Savanna Green - дм2 - Оттенок зеленого";;;;0.59;;;"Единица измерения:дм2;Оттенок цвета:Оттенок зеленого #028a34";;f8f1jMiSbK3zUucUVjIb;762509667352;;;;;;;;;;;;;;;;;;;0;0;0;0;;;https://ozelifkoja.ru/odejnayakozha/tproduct/762509667352-savanna-green?editionuid=425385904932
321157390542;;;;"Одежная;Одежная / Фактурная";"Cosmos Black";;;https://static.tildacdn.com/stor3366-3830-4137-b661-656166616161/38837937.jpg;;;;"product_options:[{""title"":""Единица измерения"",""params"":{""view"":""buttons"",""hasColor"":false,""linkImage"":false}},{""title"":""Оттенок цвета"",""params"":{""view"":""buttons"",""hasColor"":true,""linkImage"":false}}]";;XrhXPKseuKE1iH5gf5LG;;Одежная;Овчина;;;Черный;Арт-COSMOSBLACK;1;"5-6 фут";0.9-1;;;;;;;;Турция;;0;0;0;0;FOT;1;https://ozelifkoja.ru/odejnayakozha/tproduct/321157390542-cosmos-black
456276052172;;;;;"Cosmos Black - фут2 - Оттенок черного";;;;5.00;;;"Единица измерения:фут2;Оттенок цвета:Оттенок черного #000000";;uXKjTOLzcJ2ObEeiYAdu;321157390542;;;;;;;;;;;;;;;;;;;0;0;0;0;;;https://ozelifkoja.ru/odejnayakozha/tproduct/321157390542-cosmos-black?editionuid=456276052172
104617259812;;;;;"Cosmos Black - дм2 - Оттенок черного";;;;0.53;;;"Единица измерения:дм2;Оттенок цвета:Оттенок черного #000000";;893yJJfF6SbJspSbaEGV;321157390542;;;;;;;;;;;;;;;;;;;0;0;0;0;;;https://ozelifkoja.ru/odejnayakozha/tproduct/321157390542-cosmos-black?editionuid=104617259812
842871720692;;;;"Одежная;Одежная / Фактурная";"Cosmos Visky";;;https://static.tildacdn.com/stor6339-3662-4531-b530-613263643133/89413062.jpg;;;;"product_options:[{""title"":""Единица измерения"",""params"":{""view"":""buttons"",""hasColor"":false,""linkImage"":false}},{""title"":""Оттенок цвета"",""params"":{""view"":""buttons"",""hasColor"":true,""linkImage"":false}}]";;nE3v0Z51gnD9ExU5eH2F;;Одежная;Овчина;;;Коричневый;Арт-COSMOSVISKY;1;"5-6 фут";0.9-1;;;;;;;;Турция;;0;0;0;0;FOT;1;https://ozelifkoja.ru/odejnayakozha/tproduct/842871720692-cosmos-visky
822762026852;;;;;"Cosmos Visky - фут2 - Оттенок коричневого";;;;5.00;;;"Единица измерения:фут2;Оттенок цвета:Оттенок коричневого #6e3b12";;pxespp1g7THS3SZm2G6f;842871720692;;;;;;;;;;;;;;;;;;;0;0;0;0;;;https://ozelifkoja.ru/odejnayakozha/tproduct/842871720692-cosmos-visky?editionuid=822762026852
644807590372;;;;;"Cosmos Visky - дм2 - Оттенок коричневого";;;;0.53;;;"Единица измерения:дм2;Оттенок цвета:Оттенок коричневого #6e3b12";;bvaPxK6MdMaS7baV2J3R;842871720692;;;;;;;;;;;;;;;;;;;0;0;0;0;;;https://ozelifkoja.ru/odejnayakozha/tproduct/842871720692-cosmos-visky?editionuid=644807590372
995642854752;;;;"Одежная;Одежная / Фактурная";"Cosmos Khaki";;;https://static.tildacdn.com/stor3864-6165-4934-b532-376539306233/44373336.jpg;;;;"product_options:[{""title"":""Единица измерения"",""params"":{""view"":""buttons"",""hasColor"":false,""linkImage"":false}},{""title"":""Оттенок цвета"",""params"":{""view"":""buttons"",""hasColor"":true,""linkImage"":false}}]";;fcyt3IjTlS1zjr5hJxEk;;Одежная;Овчина;;;Зеленый;Арт-COSMOSKHAKI;1;"5-6 фут";0.9-1;;;;;;;;Турция;;0;0;0;0;FOT;1;https://ozelifkoja.ru/odejnayakozha/tproduct/995642854752-cosmos-khaki
921396462282;;;;;"Cosmos Khaki - фут2 - Оттенок зеленого";;;;5.00;;;"Единица измерения:фут2;Оттенок цвета:Оттенок зеленого #028a34";;zF6j1JgsxiCHZjC2nUTe;995642854752;;;;;;;;;;;;;;;;;;;0;0;0;0;;;https://ozelifkoja.ru/odejnayakozha/tproduct/995642854752-cosmos-khaki?editionuid=921396462282
162457903232;;;;;"Cosmos Khaki - дм2 - Оттенок зеленого";;;;0.53;;;"Единица измерения:дм2;Оттенок цвета:Оттенок зеленого #028a34";;7UZ9map2hrNOs8mcF8Nm;995642854752;;;;;;;;;;;;;;;;;;;0;0;0;0;;;https://ozelifkoja.ru/odejnayakozha/tproduct/995642854752-cosmos-khaki?editionuid=162457903232
540828553512;;;;"Одежная;Одежная / Винтажная";"Eskiltme Bizon Grey";;;https://static.tildacdn.com/stor3332-3437-4263-b162-376366613463/38047030.jpg;;;;"product_options:[{""title"":""Единица измерения"",""params"":{""view"":""buttons"",""hasColor"":false,""linkImage"":false}},{""title"":""Оттенок цвета"",""params"":{""view"":""buttons"",""hasColor"":true,""linkImage"":false}}]";;lbfRz1exIz10jS9PrBrY;;Одежная;Овчина;;;Серый;Арт-BIZONGREY;1;"6-7 фут";0.8-0.9;;;;;;;;Турция;;0;0;0;0;FOT;1;https://ozelifkoja.ru/odejnayakozha/tproduct/540828553512-eskiltme-bizon-grey
915061081912;;;;;"Eskiltme Bizon Grey - Оттенок серого";;;;5.00;;;"Единица измерения:;Оттенок цвета:Оттенок серого #9e9898";;rL8IjxbS2RKZ7AEl3v8j;540828553512;;;;;;;;;;;;;;;;;;;0;0;0;0;;;https://ozelifkoja.ru/odejnayakozha/tproduct/540828553512-eskiltme-bizon-grey?editionuid=915061081912
246551825212;;;;;"Eskiltme Bizon Grey - Оттенок серого";;;;0.53;;;"Единица измерения:;Оттенок цвета:Оттенок серого #9e9898";;Y47GsFOFu0F2mkCVdPKn;540828553512;;;;;;;;;;;;;;;;;;;0;0;0;0;;;https://ozelifkoja.ru/odejnayakozha/tproduct/540828553512-eskiltme-bizon-grey?editionuid=246551825212
273245058932;;;;"Одежная;Одежная / Фактурная";"Jaws Brown";;;https://static.tildacdn.com/stor3433-3039-4330-b530-663763653833/14486278.jpg;;;;"product_options:[{""title"":""Единица измерения"",""params"":{""view"":""buttons"",""hasColor"":false,""linkImage"":false}},{""title"":""Оттенок цвета"",""params"":{""view"":""buttons"",""hasColor"":true,""linkImage"":false}}]";;6kegl5yP9gZl00phHrU4;;Одежная;Овчина;;;Коричневый;Арт-JAWSBROWN;1;"5-6 фут";0.9-1;;;;;;;;Турция;;0;0;0;0;FOT;1;https://ozelifkoja.ru/odejnayakozha/tproduct/273245058932-jaws-brown
485285230452;;;;;"Jaws Brown - фут2 - Оттенок коричневого";;;;5.50;;;"Единица измерения:фут2;Оттенок цвета:Оттенок коричневого #6e3b12";;9IhD0PcBXmbavsSOudft;273245058932;;;;;;;;;;;;;;;;;;;0;0;0;0;;;https://ozelifkoja.ru/odejnayakozha/tproduct/273245058932-jaws-brown?editionuid=485285230452
124320363362;;;;;"Jaws Brown - дм2 - Оттенок коричневого";;;;0.59;;;"Единица измерения:дм2;Оттенок цвета:Оттенок коричневого #6e3b12";;zLPIpHuZyHFpDN9KZMbr;273245058932;;;;;;;;;;;;;;;;;;;0;0;0;0;;;https://ozelifkoja.ru/odejnayakozha/tproduct/273245058932-jaws-brown?editionuid=124320363362
251904725252;;;;"Одежная;Одежная / Винтажная";"Napato Brown";;;https://static.tildacdn.com/stor3361-6138-4431-b337-396634366632/12783058.jpg;;;;"product_options:[{""title"":""Единица измерения"",""params"":{""view"":""buttons"",""hasColor"":false,""linkImage"":false}},{""title"":""Оттенок цвета"",""params"":{""view"":""buttons"",""hasColor"":true,""linkImage"":false}}]";;ClzcaYyKbvFyBmLvxv3J;;Одежная;Овчина;;;Коричневый;Арт-NAPATOBROWN;1;"6-7 фут";0.8-0.9;;;;;;;;Турция;;0;0;0;0;FOT;1;https://ozelifkoja.ru/odejnayakozha/tproduct/251904725252-napato-brown
194625714602;;;;;"Napato Brown - Оттенок коричневого";;;;5.00;;;"Единица измерения:;Оттенок цвета:Оттенок коричневого #6e3b12";;JvVcRcYr0BDA1bGRu2Sg;251904725252;;;;;;;;;;;;;;;;;;;0;0;0;0;;;https://ozelifkoja.ru/odejnayakozha/tproduct/251904725252-napato-brown?editionuid=194625714602
848139808472;;;;;"Napato Brown - Оттенок коричневого";;;;0.53;;;"Единица измерения:;Оттенок цвета:Оттенок коричневого #6e3b12";;CMR5XsEBx7SGR254nOvS;251904725252;;;;;;;;;;;;;;;;;;;0;0;0;0;;;https://ozelifkoja.ru/odejnayakozha/tproduct/251904725252-napato-brown?editionuid=848139808472
507312357492;;;;"Одежная;Одежная / Винтажная";"Napato Grey";;;https://static.tildacdn.com/stor6638-3538-4263-b461-366330663833/41950945.jpg;;;;"product_options:[{""title"":""Единица измерения"",""params"":{""view"":""buttons"",""hasColor"":false,""linkImage"":false}},{""title"":""Оттенок цвета"",""params"":{""view"":""buttons"",""hasColor"":true,""linkImage"":false}}]";;L5j3BVIXGLSK3kn0SYkl;;Одежная;Овчина;;;Серый;Арт-NAPATOGREY;1;"6-7 фут";0.8-0.9;;;;;;;;Турция;;0;0;0;0;FOT;1;https://ozelifkoja.ru/odejnayakozha/tproduct/507312357492-napato-grey
147639661762;;;;;"Napato Grey - Оттенок серого";;;;5.00;;;"Единица измерения:;Оттенок цвета:Оттенок серого #9e9898";;ZLDXGIZiuKbYJaTEJ57V;507312357492;;;;;;;;;;;;;;;;;;;0;0;0;0;;;https://ozelifkoja.ru/odejnayakozha/tproduct/507312357492-napato-grey?editionuid=147639661762
945726940612;;;;;"Napato Grey - Оттенок серого";;;;0.53;;;"Единица измерения:;Оттенок цвета:Оттенок серого #9e9898";;K09EV99ZUYJ5e8GCTyNR;507312357492;;;;;;;;;;;;;;;;;;;0;0;0;0;;;https://ozelifkoja.ru/odejnayakozha/tproduct/507312357492-napato-grey?editionuid=945726940612
150636095022;;;;"Одежная;Одежная / Фактурная";"Jaws Black";;;https://static.tildacdn.com/stor6362-3264-4161-a165-663539386261/23959371.jpg;;;;"product_options:[{""title"":""Единица измерения"",""params"":{""view"":""buttons"",""hasColor"":false,""linkImage"":false}},{""title"":""Оттенок цвета"",""params"":{""view"":""buttons"",""hasColor"":true,""linkImage"":false}}]";;B7lKZNKNTZY3dIX0DFxh;;Одежная;Овчина;;;Черный;Арт-JAWSBLACK;1;"5-6 фут";0.9-1;;;;;;;;ТУРЦИЯ;;0;0;0;0;FOT;1;https://ozelifkoja.ru/odejnayakozha/tproduct/150636095022-jaws-black
539285344252;;;;;"Jaws Black - фут2 - Оттенок черного";;;;5.50;;;"Единица измерения:фут2;Оттенок цвета:Оттенок черного #000000";;TYkDN6TrFJEhRsegot1u;150636095022;;;;;;;;;;;;;;;;;;;0;0;0;0;;;https://ozelifkoja.ru/odejnayakozha/tproduct/150636095022-jaws-black?editionuid=539285344252
590220705792;;;;;"Jaws Black - дм2 - Оттенок черного";;;;0.59;;;"Единица измерения:дм2;Оттенок цвета:Оттенок черного #000000";;vAUm3so5B3Jrbs9IPekh;150636095022;;;;;;;;;;;;;;;;;;;0;0;0;0;;;https://ozelifkoja.ru/odejnayakozha/tproduct/150636095022-jaws-black?editionuid=590220705792
705250751442;;;;"Одежная;Одежная / Винтажная";"Split Taba";;;https://static.tildacdn.com/stor6436-3031-4732-a135-636363366364/37220886.jpg;;;;"product_options:[{""title"":""Единица измерения"",""params"":{""view"":""buttons"",""hasColor"":false,""linkImage"":false}},{""title"":""Оттенок цвета"",""params"":{""view"":""buttons"",""hasColor"":true,""linkImage"":false}}]";;jH9Cxb6ZlxoB6rxBcVLF;;Одежная;Овчина;;;Коричневый;Арт-SPLITTABA;1;"6-7 фут";0.8-0.9;;;;;;;;Турция;;0;0;0;0;FOT;1;https://ozelifkoja.ru/odejnayakozha/tproduct/705250751442-split-taba
143625221372;;;;;"Split Taba - фут2 - Оттенок коричневого";;;;5.00;;;"Единица измерения:фут2;Оттенок цвета:Оттенок коричневого #6e3b12";;CUbCxpKxLFFAlXfuAArM;705250751442;;;;;;;;;;;;;;;;;;;0;0;0;0;;;https://ozelifkoja.ru/odejnayakozha/tproduct/705250751442-split-taba?editionuid=143625221372
450628907572;;;;;"Split Taba - дм2 - Оттенок коричневого";;;;0.53;;;"Единица измерения:дм2;Оттенок цвета:Оттенок коричневого #6e3b12";;SeGMfZMp37HSdJPGmBR8;705250751442;;;;;;;;;;;;;;;;;;;0;0;0;0;;;https://ozelifkoja.ru/odejnayakozha/tproduct/705250751442-split-taba?editionuid=450628907572
970001480482;;;;"Одежная;Одежная / Винтажная";"Split Black";;;https://static.tildacdn.com/stor6239-3465-4035-b834-306663343362/17160348.jpg;;;;"product_options:[{""title"":""Единица измерения"",""params"":{""view"":""buttons"",""hasColor"":false,""linkImage"":false}},{""title"":""Оттенок цвета"",""params"":{""view"":""buttons"",""hasColor"":true,""linkImage"":false}}]";;l4EfThTe0KTO6plhfNoF;;Одежная;Овчина;;;Черный;Арт-SPLITBLACK;1;"6-7 фут";0.8-0.9;;;;;;;;Турция;;0;0;0;0;FOT;1;https://ozelifkoja.ru/odejnayakozha/tproduct/970001480482-split-black
546836023912;;;;;"Split Black - фут2 - Оттенок черного";;;;5.00;;;"Единица измерения:фут2;Оттенок цвета:Оттенок черного #000000";;1c1gTLUs6auO3FceKZHa;970001480482;;;;;;;;;;;;;;;;;;;0;0;0;0;;;https://ozelifkoja.ru/odejnayakozha/tproduct/970001480482-split-black?editionuid=546836023912
840145068522;;;;;"Split Black - дм2 - Оттенок черного";;;;0.53;;;"Единица измерения:дм2;Оттенок цвета:Оттенок черного #000000";;PiLHAi8JCV9RmeagEHdU;970001480482;;;;;;;;;;;;;;;;;;;0;0;0;0;;;https://ozelifkoja.ru/odejnayakozha/tproduct/970001480482-split-black?editionuid=840145068522
435776925842;;;;"Одежная;Одежная / Гладкая";"Naturel Bordo";;;https://static.tildacdn.com/stor6634-3437-4437-b732-356665306164/59221406.jpg;;;;"product_options:[{""title"":""Единица измерения"",""params"":{""view"":""buttons"",""hasColor"":false,""linkImage"":false}},{""title"":""Оттенок цвета"",""params"":{""view"":""buttons"",""hasColor"":true,""linkImage"":false}}]";;P3Y9hHGS58lXgHskODEa;;Одежная;Овчина;;;Бордовый;Арт-NATURELBORDO;1;"5-6 фут2";0.5-0.6;;Наппа;;;;;;Турция;;0;0;0;0;FOT;1;https://ozelifkoja.ru/odejnayakozha/tproduct/435776925842-naturel-bordo
767738210572;;;;;"Naturel Bordo - фут2 - Оттенок бордового";;;;4.00;;;"Единица измерения:фут2;Оттенок цвета:Оттенок бордового #70081d";;yjSbCeDB1kB47njB97Tz;435776925842;;;;;;;;;;;;;;;;;;;0;0;0;0;;;https://ozelifkoja.ru/odejnayakozha/tproduct/435776925842-naturel-bordo?editionuid=767738210572
882953258502;;;;;"Naturel Bordo - дм2 - Оттенок бордового";;;;0.43;;;"Единица измерения:дм2;Оттенок цвета:Оттенок бордового #70081d";;RUeA2Yo2t5reBR8Hctd8;435776925842;;;;;;;;;;;;;;;;;;;0;0;0;0;;;https://ozelifkoja.ru/odejnayakozha/tproduct/435776925842-naturel-bordo?editionuid=882953258502
280430116192;;;;"Одежная;Одежная / Винтажная";"Zberba Burgundy";;;https://static.tildacdn.com/stor6237-3761-4337-a561-363865613937/83806860.jpg;;;;"product_options:[{""title"":""Единица измерения"",""params"":{""view"":""buttons"",""hasColor"":false,""linkImage"":false}},{""title"":""Оттенок цвета"",""params"":{""view"":""buttons"",""hasColor"":true,""linkImage"":false}}]";;2MJo6EVHlE5kSvo1Sx3C;;Одежная;Овчина;;;Бордовый;Арт-ZBERBABURGUNDY;1;"6-7 фут";0.8-0.9;;;;;;;;Турция;;0;0;0;0;FOT;1;https://ozelifkoja.ru/odejnayakozha/tproduct/280430116192-zberba-burgundy
871353895962;;;;;"Zberba Burgundy - Оттенок бордового";;;;5.00;;;"Единица измерения:;Оттенок цвета:Оттенок бордового #70081d";;cSag092k8CvAfo8NO3tl;280430116192;;;;;;;;;;;;;;;;;;;0;0;0;0;;;https://ozelifkoja.ru/odejnayakozha/tproduct/280430116192-zberba-burgundy?editionuid=871353895962
382276140022;;;;;"Zberba Burgundy - Оттенок бордового";;;;0.53;;;"Единица измерения:;Оттенок цвета:Оттенок бордового #70081d";;3oDBG9A9LRScIfr4cRsD;280430116192;;;;;;;;;;;;;;;;;;;0;0;0;0;;;https://ozelifkoja.ru/odejnayakozha/tproduct/280430116192-zberba-burgundy?editionuid=382276140022
141464265472;;;;"Одежная;Одежная / Винтажная";"Zberba black";;;https://static.tildacdn.com/stor3666-3238-4363-a164-333433326463/94413543.jpg;;;;"product_options:[{""title"":""Единица измерения"",""params"":{""view"":""buttons"",""hasColor"":false,""linkImage"":false}},{""title"":""Оттенок цвета"",""params"":{""view"":""buttons"",""hasColor"":true,""linkImage"":false}}]";;PO8MzNXlCKESo9AVKLe7;;Одежная;Овчина;;;Черный;Арт-ZBERBABLACK;1;"6-7 фут";0.8-0.9;;;;;;;;Турция;;0;0;0;0;FOT;1;https://ozelifkoja.ru/odejnayakozha/tproduct/141464265472-zberba-black
109894667712;;;;;"Zberba black - Оттенок черного";;;;5.00;;;"Единица измерения:;Оттенок цвета:Оттенок черного #000000";;SH0RZvIDMJVRSUTH9Oeh;141464265472;;;;;;;;;;;;;;;;;;;0;0;0;0;;;https://ozelifkoja.ru/odejnayakozha/tproduct/141464265472-zberba-black?editionuid=109894667712
744088300332;;;;;"Zberba black - Оттенок черного";;;;0.53;;;"Единица измерения:;Оттенок цвета:Оттенок черного #000000";;j7tCm8DfKsxicX5rh4RT;141464265472;;;;;;;;;;;;;;;;;;;0;0;0;0;;;https://ozelifkoja.ru/odejnayakozha/tproduct/141464265472-zberba-black?editionuid=744088300332
411509786892;;;;"Одежная;Одежная / Фактурная";"Cosmos Brown";;;https://static.tildacdn.com/stor3366-3134-4164-b239-356339623332/61304969.jpg;;;;"product_options:[{""title"":""Единица измерения"",""params"":{""view"":""buttons"",""hasColor"":false,""linkImage"":false}},{""title"":""Оттенок цвета"",""params"":{""view"":""buttons"",""hasColor"":true,""linkImage"":false}}]";;f5CrI7O23LIuRa33yxA5;;Одежная;Овчина;;;Коричневый;Арт-COSMOBROWN;1;"5-6 фут";0.9-1;;;;;;;;Турция;;0;0;0;0;FOT;1;https://ozelifkoja.ru/odejnayakozha/tproduct/411509786892-cosmos-brown
299133248442;;;;;"Cosmos Brown - фут2 - Оттенок коричневого";;;;5.00;;;"Единица измерения:фут2;Оттенок цвета:Оттенок коричневого #6e3b12";;tb4XBSHycUKrjSNOjCJo;411509786892;;;;;;;;;;;;;;;;;;;0;0;0;0;;;https://ozelifkoja.ru/odejnayakozha/tproduct/411509786892-cosmos-brown?editionuid=299133248442
768962926622;;;;;"Cosmos Brown - дм2 - Оттенок коричневого";;;;0.53;;;"Единица измерения:дм2;Оттенок цвета:Оттенок коричневого #6e3b12";;I7JnlVJARSR21hyou46V;411509786892;;;;;;;;;;;;;;;;;;;0;0;0;0;;;https://ozelifkoja.ru/odejnayakozha/tproduct/411509786892-cosmos-brown?editionuid=768962926622
739057730962;;;;"Одежная;Одежная / Гладкая;Одежная / Винтажная";"Soft White-Black";;;https://static.tildacdn.com/stor3063-6434-4037-a232-303038613736/55219799.jpg;;;;"product_options:[{""title"":""Единица измерения"",""params"":{""view"":""buttons"",""hasColor"":false,""linkImage"":false}},{""title"":""Оттенок цвета"",""params"":{""view"":""buttons"",""hasColor"":true,""linkImage"":false}}]";;AlaTcAxTTYOGDLiGLvVL;;Одежная;Овчина;;;Черный;Арт-SOFTBLACK;1;"6-7 фут";0.7-0.8;;;;;;;;Турция;;0;0;0;0;FOT;1;https://ozelifkoja.ru/odejnayakozha/tproduct/739057730962-soft-white-black
363555231772;;;;;"Soft White-Black - фут2 - Оттенок черного";;;;5.00;;;"Единица измерения:фут2;Оттенок цвета:Оттенок черного #000000";;FIEH0TAfrHGy1LS9jd0I;739057730962;;;;;;;;;;;;;;;;;;;0;0;0;0;;;https://ozelifkoja.ru/odejnayakozha/tproduct/739057730962-soft-white-black?editionuid=363555231772
474155139752;;;;;"Soft White-Black - дм2 - Оттенок черного";;;;0.53;;;"Единица измерения:дм2;Оттенок цвета:Оттенок черного #000000";;kjR0UV5l0EPu9ogiNoA6;739057730962;;;;;;;;;;;;;;;;;;;0;0;0;0;;;https://ozelifkoja.ru/odejnayakozha/tproduct/739057730962-soft-white-black?editionuid=474155139752
629195419972;;;;"Одежная;Одежная / Фактурная";"Amazon Black";;;https://static.tildacdn.com/stor3931-6131-4263-b432-653366326661/86764771.jpg;;;;"product_options:[{""title"":""Единица измерения"",""params"":{""view"":""buttons"",""hasColor"":false,""linkImage"":false}},{""title"":""Оттенок цвета"",""params"":{""view"":""buttons"",""hasColor"":true,""linkImage"":false}}]";;MmRJXcfZn3g2kthp9tnN;;Одежная;Овчина;;;Черный;Арт-AMAZONBLACK;1;"5-6 фут2";0.9-1;;;;;;;;Турция;;0;0;0;0;FOT;1;https://ozelifkoja.ru/odejnayakozha/tproduct/629195419972-amazon-black
388641947622;;;;;"Amazon Black - фут2 - Оттенок черного";;;;5.00;;;"Единица измерения:фут2;Оттенок цвета:Оттенок черного #000000";;U00aKTVfk0pAoZsUfnEg;629195419972;;;;;;;;;;;;;;;;;;;0;0;0;0;;;https://ozelifkoja.ru/odejnayakozha/tproduct/629195419972-amazon-black?editionuid=388641947622
459824596462;;;;;"Amazon Black - дм2 - Оттенок черного";;;;0.53;;;"Единица измерения:дм2;Оттенок цвета:Оттенок черного #000000";;dxBJlJzLlx9UUANjzA5N;629195419972;;;;;;;;;;;;;;;;;;;0;0;0;0;;;https://ozelifkoja.ru/odejnayakozha/tproduct/629195419972-amazon-black?editionuid=459824596462
385185030872;;;;"Одежная;Одежная / Фактурная";"Torino Orange";;;https://static.tildacdn.com/stor3962-6434-4236-b465-383836363863/44820077.jpg;;;;"product_options:[{""title"":""Единица измерения"",""params"":{""view"":""buttons"",""hasColor"":false,""linkImage"":false}},{""title"":""Оттенок цвета"",""params"":{""view"":""buttons"",""hasColor"":true,""linkImage"":false}}]";;VJbsodg0YfnYUeOzEYKA;;Одежная;Овчина;;;Оранжевый;Арт-TORINOORANGE;1;"6-7 фут";0.8-0.9;;Наппа;;;;;;Италия;;0;0;0;0;FOT;1;https://ozelifkoja.ru/odejnayakozha/tproduct/385185030872-torino-orange
987396591762;;;;;"Torino Orange - фут2 - Оттенок оранжевого";;;;4.00;;;"Единица измерения:фут2;Оттенок цвета:Оттенок оранжевого #ff780a";;8K14lhhxfh9gVoTJBlgE;385185030872;;;;;;;;;;;;;;;;;;;0;0;0;0;;;https://ozelifkoja.ru/odejnayakozha/tproduct/385185030872-torino-orange?editionuid=987396591762
468675874062;;;;;"Torino Orange - дм2 - Оттенок оранжевого";;;;0.43;;;"Единица измерения:дм2;Оттенок цвета:Оттенок оранжевого #ff780a";;7ZMlVLCiIXhuZZHt0oYg;385185030872;;;;;;;;;;;;;;;;;;;0;0;0;0;;;https://ozelifkoja.ru/odejnayakozha/tproduct/385185030872-torino-orange?editionuid=468675874062
761829628232;;;;"Одежная;Одежная / Винтажная";"Savanna Orange";;;https://static.tildacdn.com/stor6537-3331-4038-a462-636335313232/61367649.jpg;;;;"product_options:[{""title"":""Единица измерения"",""params"":{""view"":""buttons"",""hasColor"":false,""linkImage"":false}},{""title"":""Оттенок цвета"",""params"":{""view"":""buttons"",""hasColor"":true,""linkImage"":false}}]";;3v7Iof9pX0rL8Hdjk9a0;;Одежная;Овчина;;;Оранжевый;Арт-SAVANNAORANGE;1;"7-8 фут2";0.9-1;;;;;;;;Турция;;0;0;0;0;FOT;1;https://ozelifkoja.ru/odejnayakozha/tproduct/761829628232-savanna-orange
302332771172;;;;;"Savanna Orange - фут2 - Оттенок оранжевого";;;;5.50;;;"Единица измерения:фут2;Оттенок цвета:Оттенок оранжевого #ff780a";;UCevlIkO4yEp3ECeIk1o;761829628232;;;;;;;;;;;;;;;;;;;0;0;0;0;;;https://ozelifkoja.ru/odejnayakozha/tproduct/761829628232-savanna-orange?editionuid=302332771172
254471566232;;;;;"Savanna Orange - дм2 - Оттенок оранжевого";;;;0.59;;;"Единица измерения:дм2;Оттенок цвета:Оттенок оранжевого #ff780a";;8k690FeRLc5efJ6X3i7M;761829628232;;;;;;;;;;;;;;;;;;;0;0;0;0;;;https://ozelifkoja.ru/odejnayakozha/tproduct/761829628232-savanna-orange?editionuid=254471566232
279181358812;;;;"Одежная;Одежная / Винтажная";"Savanna Visky";;;https://static.tildacdn.com/stor3966-3234-4366-b833-633761323934/30228789.jpg;;;;"product_options:[{""title"":""Единица измерения"",""params"":{""view"":""buttons"",""hasColor"":false,""linkImage"":false}},{""title"":""Оттенок цвета"",""params"":{""view"":""buttons"",""hasColor"":true,""linkImage"":false}}]";;74RdLvSkXaFCkt5Sdgmi;;Одежная;Овчина;;;Коричневый;Арт-SAVANNVISKY;1;"7-8 фут2";0.9-1;;;;;;;;Турция;;0;0;0;0;FOT;1;https://ozelifkoja.ru/odejnayakozha/tproduct/279181358812-savanna-visky
937276960122;;;;;"Savanna Visky - фут2 - Оттенок коричневого";;;;5.50;;;"Единица измерения:фут2;Оттенок цвета:Оттенок коричневого #6e3b12";;OvAlCkUGStrs5lM6bSEk;279181358812;;;;;;;;;;;;;;;;;;;0;0;0;0;;;https://ozelifkoja.ru/odejnayakozha/tproduct/279181358812-savanna-visky?editionuid=937276960122
102877728622;;;;;"Savanna Visky - дм2 - Оттенок коричневого";;;;0.59;;;"Единица измерения:дм2;Оттенок цвета:Оттенок коричневого #6e3b12";;obMLezGu6uYbxY8eoopO;279181358812;;;;;;;;;;;;;;;;;;;0;0;0;0;;;https://ozelifkoja.ru/odejnayakozha/tproduct/279181358812-savanna-visky?editionuid=102877728622
890825882212;;;;"Одежная;Одежная / Винтажная";"Savanna Grey";;;https://static.tildacdn.com/stor6130-3865-4335-a466-663935376564/65361081.jpg;;;;"product_options:[{""title"":""Единица измерения"",""params"":{""view"":""buttons"",""hasColor"":false,""linkImage"":false}},{""title"":""Оттенок цвета"",""params"":{""view"":""buttons"",""hasColor"":true,""linkImage"":false}}]";;0bsgiJrRIDFmbV58flCI;;Одежная;Овчина;;;Серый;Арт-SAVANNAGREY;1;"7-8 фут2";0.9-1;;;;;;;;Турция;;0;0;0;0;FOT;1;https://ozelifkoja.ru/odejnayakozha/tproduct/890825882212-savanna-grey
711541828472;;;;;"Savanna Grey - фут2 - Оттенок серого";;;;5.50;;;"Единица измерения:фут2;Оттенок цвета:Оттенок серого #9e9898";;lAbE5ggcbPtErpKXmybd;890825882212;;;;;;;;;;;;;;;;;;;0;0;0;0;;;https://ozelifkoja.ru/odejnayakozha/tproduct/890825882212-savanna-grey?editionuid=711541828472
979238011522;;;;;"Savanna Grey - дм2 - Оттенок серого";;;;0.59;;;"Единица измерения:дм2;Оттенок цвета:Оттенок серого #9e9898";;kYjhKS1VNrAamjc0cZ6P;890825882212;;;;;;;;;;;;;;;;;;;0;0;0;0;;;https://ozelifkoja.ru/odejnayakozha/tproduct/890825882212-savanna-grey?editionuid=979238011522
186640275372;;;;"Одежная;Одежная / Винтажная";"Savanna Brown";;;https://static.tildacdn.com/stor3735-3631-4633-a235-643330646531/43710481.jpg;;;;"product_options:[{""title"":""Единица измерения"",""params"":{""view"":""buttons"",""hasColor"":false,""linkImage"":false}},{""title"":""Оттенок цвета"",""params"":{""view"":""buttons"",""hasColor"":true,""linkImage"":false}}]";;nvzCECVMi0piR7m917Pp;;Одежная;Овчина;;;Коричневый;Арт-SAVANNABROWN;1;"7-8 фут2";0.9-1;;;;;;;;Турция;;0;0;0;0;FOT;1;https://ozelifkoja.ru/odejnayakozha/tproduct/186640275372-savanna-brown
120918108972;;;;;"Savanna Brown - фут2 - Оттенок коричневого";;;;5.50;;;"Единица измерения:фут2;Оттенок цвета:Оттенок коричневого #6e3b12";;TfcpiRiF9uFGHiNhFv1C;186640275372;;;;;;;;;;;;;;;;;;;0;0;0;0;;;https://ozelifkoja.ru/odejnayakozha/tproduct/186640275372-savanna-brown?editionuid=120918108972
148591373952;;;;;"Savanna Brown - дм2 - Оттенок коричневого";;;;0.59;;;"Единица измерения:дм2;Оттенок цвета:Оттенок коричневого #6e3b12";;C2HLlM88mSXrk1US7VLh;186640275372;;;;;;;;;;;;;;;;;;;0;0;0;0;;;https://ozelifkoja.ru/odejnayakozha/tproduct/186640275372-savanna-brown?editionuid=148591373952
420900365752;;;;"Одежная;Одежная / Винтажная";"Savanna Black";;;https://static.tildacdn.com/stor3065-6235-4561-a539-316332616433/82837592.jpg;;;;"product_options:[{""title"":""Единица измерения"",""params"":{""view"":""buttons"",""hasColor"":false,""linkImage"":false}},{""title"":""Оттенок цвета"",""params"":{""view"":""buttons"",""hasColor"":true,""linkImage"":false}}]";;MRGeAC8CrZTev8jz10oj;;Одежная;Овчина;;;Черный;Арт-SAVANNABLACK;1;"7-8 фут2";0.9-1;;;;;;;;Турция;;0;0;0;0;FOT;1;https://ozelifkoja.ru/odejnayakozha/tproduct/420900365752-savanna-black
742813161792;;;;;"Savanna Black - фут2 - Оттенок черного";;;;5.50;;;"Единица измерения:фут2;Оттенок цвета:Оттенок черного #000000";;SI6OJvxKz9DvRKygZ7Kk;420900365752;;;;;;;;;;;;;;;;;;;0;0;0;0;;;https://ozelifkoja.ru/odejnayakozha/tproduct/420900365752-savanna-black?editionuid=742813161792
385149133312;;;;;"Savanna Black - дм2 - Оттенок черного";;;;0.59;;;"Единица измерения:дм2;Оттенок цвета:Оттенок черного #000000";;bSO70gO7saJKfBVeHgEs;420900365752;;;;;;;;;;;;;;;;;;;0;0;0;0;;;https://ozelifkoja.ru/odejnayakozha/tproduct/420900365752-savanna-black?editionuid=385149133312
263388660152;;;;"Одежная;Одежная / Фактурная";"Amazon Visky";;;https://static.tildacdn.com/stor3861-3936-4836-a539-363165383064/53938430.jpg;;;;"product_options:[{""title"":""Единица измерения"",""params"":{""view"":""buttons"",""hasColor"":false,""linkImage"":false}},{""title"":""Оттенок цвета"",""params"":{""view"":""buttons"",""hasColor"":true,""linkImage"":false}}]";;cf1CFpsj1I5vYkZGphRz;;Одежная;Овчина;;;Коричневый;Арт-AMAZONVISKY;1;"5-6 фут2";0.9-1;;;;;;;;Турция;;0;0;0;0;FOT;1;https://ozelifkoja.ru/odejnayakozha/tproduct/263388660152-amazon-visky
688484274162;;;;;"Amazon Visky - фут2 - Оттенок коричневого";;;;5.00;;;"Единица измерения:фут2;Оттенок цвета:Оттенок коричневого #6e3b12";;e4ZGOfRzX2tchY9x7xu6;263388660152;;;;;;;;;;;;;;;;;;;0;0;0;0;;;https://ozelifkoja.ru/odejnayakozha/tproduct/263388660152-amazon-visky?editionuid=688484274162
972671250882;;;;;"Amazon Visky - дм2 - Оттенок коричневого";;;;0.53;;;"Единица измерения:дм2;Оттенок цвета:Оттенок коричневого #6e3b12";;0si2VliekCn9btZKD3Xz;263388660152;;;;;;;;;;;;;;;;;;;0;0;0;0;;;https://ozelifkoja.ru/odejnayakozha/tproduct/263388660152-amazon-visky?editionuid=972671250882
774277718262;;;;"Одежная;Одежная / Винтажная";"Eskiltme Brown";;;https://static.tildacdn.com/stor3835-6663-4234-b733-303165626165/75522820.jpg;;;;"product_options:[{""title"":""Единица измерения"",""params"":{""view"":""buttons"",""hasColor"":false,""linkImage"":false}},{""title"":""Оттенок цвета"",""params"":{""view"":""buttons"",""hasColor"":true,""linkImage"":false}}]";;RhM5PO1ogk0S0PhCk1Io;;Одежная;Овчина;;;Коричневый;Арт-ESKILTMEBROWN;1;"7-8 фут2";0.7-0.8;;;;;;;;Турция;;0;0;0;0;FOT;1;https://ozelifkoja.ru/odejnayakozha/tproduct/774277718262-eskiltme-brown
138460853812;;;;;"Eskiltme Brown - фут2 - Оттенок коричневого";;;;5.00;;;"Единица измерения:фут2;Оттенок цвета:Оттенок коричневого #6e3b12";;4SPpbJDxKIZIgPOA6FR6;774277718262;;;;;;;;;;;;;;;;;;;0;0;0;0;;;https://ozelifkoja.ru/odejnayakozha/tproduct/774277718262-eskiltme-brown?editionuid=138460853812
240364730202;;;;;"Eskiltme Brown - дм2 - Оттенок коричневого";;;;0.53;;;"Единица измерения:дм2;Оттенок цвета:Оттенок коричневого #6e3b12";;Zmpz0fAMky5yJjrDXOSj;774277718262;;;;;;;;;;;;;;;;;;;0;0;0;0;;;https://ozelifkoja.ru/odejnayakozha/tproduct/774277718262-eskiltme-brown?editionuid=240364730202
282512036002;;;;"Одежная;Одежная / Винтажная";"Split Grey";;;https://static.tildacdn.com/stor6231-6232-4463-a465-656230616332/19820895.jpg;;;;"product_options:[{""title"":""Единица измерения"",""params"":{""view"":""buttons"",""hasColor"":false,""linkImage"":false}},{""title"":""Оттенок цвета"",""params"":{""view"":""buttons"",""hasColor"":true,""linkImage"":false}}]";;8elxZpp7dEP4K9avRfB8;;Одежная;Овчина;;;Серый;Арт-SPLITGREY;1;"6-7 фут";0.8-0.9;;;;;;;;Турция;;0;0;0;0;FOT;1;https://ozelifkoja.ru/odejnayakozha/tproduct/282512036002-split-grey
560157575692;;;;;"Split Grey - фут2 - Оттенок серого";;;;5.00;;;"Единица измерения:фут2;Оттенок цвета:Оттенок серого #9e9898";;95zUUvIy6842FVmbLS1R;282512036002;;;;;;;;;;;;;;;;;;;0;0;0;0;;;https://ozelifkoja.ru/odejnayakozha/tproduct/282512036002-split-grey?editionuid=560157575692
823861884302;;;;;"Split Grey - дм2 - Оттенок серого";;;;0.53;;;"Единица измерения:дм2;Оттенок цвета:Оттенок серого #9e9898";;Xs28jInrrfLDU25HdAUp;282512036002;;;;;;;;;;;;;;;;;;;0;0;0;0;;;https://ozelifkoja.ru/odejnayakozha/tproduct/282512036002-split-grey?editionuid=823861884302
418557228202;;;;"Одежная;Одежная / Винтажная";"Split Brown";;;https://static.tildacdn.com/stor6535-6664-4333-b038-303262303035/28643554.jpg;;;;"product_options:[{""title"":""Единица измерения"",""params"":{""view"":""buttons"",""hasColor"":false,""linkImage"":false}},{""title"":""Оттенок цвета"",""params"":{""view"":""buttons"",""hasColor"":true,""linkImage"":false}}]";;8xM5za6O8GzsCpA1izyH;;Одежная;Овчина;;;Коричневый;Арт-SPLITBROWN;1;"6-7 фут";0.8-0.9;;;;;;;;Турция;;0;0;0;0;FOT;1;https://ozelifkoja.ru/odejnayakozha/tproduct/418557228202-split-brown
711096752712;;;;;"Split Brown - фут2 - Оттенок коричневого";;;;5.00;;;"Единица измерения:фут2;Оттенок цвета:Оттенок коричневого #6e3b12";;rtSkZJoDOOimOiTLbABU;418557228202;;;;;;;;;;;;;;;;;;;0;0;0;0;;;https://ozelifkoja.ru/odejnayakozha/tproduct/418557228202-split-brown?editionuid=711096752712
137416715862;;;;;"Split Brown - дм2 - Оттенок коричневого";;;;0.53;;;"Единица измерения:дм2;Оттенок цвета:Оттенок коричневого #6e3b12";;NgXKbfakDEh4oBtm4PIH;418557228202;;;;;;;;;;;;;;;;;;;0;0;0;0;;;https://ozelifkoja.ru/odejnayakozha/tproduct/418557228202-split-brown?editionuid=137416715862
635975391672;;;;"Одежная;Одежная / Винтажная";"Split Olive";;;https://static.tildacdn.com/stor3438-3831-4364-b134-346439346562/82720607.jpg;;;;"product_options:[{""title"":""Единица измерения"",""params"":{""view"":""buttons"",""hasColor"":false,""linkImage"":false}},{""title"":""Оттенок цвета"",""params"":{""view"":""buttons"",""hasColor"":true,""linkImage"":false}}]";;B47k8ne6yuImK9GappuB;;Одежная;Овчина;;;Зеленый;Арт-SPLITOLIVE;1;"6-7 фут";0.8-0.9;;;;;;;;Турция;;0;0;0;0;FOT;1;https://ozelifkoja.ru/odejnayakozha/tproduct/635975391672-split-olive
521618694622;;;;;"Split Olive - фут2 - Оттенок зеленого";;;;5.00;;;"Единица измерения:фут2;Оттенок цвета:Оттенок зеленого #028a34";;ndp3irfXhkjTRyaUo3jA;635975391672;;;;;;;;;;;;;;;;;;;0;0;0;0;;;https://ozelifkoja.ru/odejnayakozha/tproduct/635975391672-split-olive?editionuid=521618694622
267611977612;;;;;"Split Olive - дм2 - Оттенок зеленого";;;;0.53;;;"Единица измерения:дм2;Оттенок цвета:Оттенок зеленого #028a34";;15UoGM6sUbrSE8natm0S;635975391672;;;;;;;;;;;;;;;;;;;0;0;0;0;;;https://ozelifkoja.ru/odejnayakozha/tproduct/635975391672-split-olive?editionuid=267611977612
236194882032;;;;"Одежная;Одежная / Фактурная";Boss;;;https://static.tildacdn.com/stor3366-3938-4636-b763-633232353665/19434829.jpg;;;;"product_options:[{""title"":""Единица измерения"",""params"":{""view"":""buttons"",""hasColor"":false,""linkImage"":false}},{""title"":""Оттенок цвета"",""params"":{""view"":""buttons"",""hasColor"":true,""linkImage"":false}}]";;H5y67xShzDDsgVhIE3OG;;Одежная;Овчина;;;Черный;Арт-BOSS;1;"5-6 фут2";0.9-1;;;;;;;;Турция;;0;0;0;0;FOT;1;https://ozelifkoja.ru/odejnayakozha/tproduct/236194882032-boss
796203294982;;;;;"Boss - фут2 - Оттенок черного";;;;3.00;;;"Единица измерения:фут2;Оттенок цвета:Оттенок черного #000000";;NcBHsPvHb70UDCL68dIP;236194882032;;;;;;;;;;;;;;;;;;;0;0;0;0;;;https://ozelifkoja.ru/odejnayakozha/tproduct/236194882032-boss?editionuid=796203294982
500012821832;;;;;"Boss - дм2 - Оттенок черного";;;;0.32;;;"Единица измерения:дм2;Оттенок цвета:Оттенок черного #000000";;BSyVhGb9xcEDjhKJrHDb;236194882032;;;;;;;;;;;;;;;;;;;0;0;0;0;;;https://ozelifkoja.ru/odejnayakozha/tproduct/236194882032-boss?editionuid=500012821832
811476918922;;;;"Одежная;Одежная / Гладкая";Naturel;;;https://static.tildacdn.com/stor3634-6362-4562-b266-313230386635/58412648.jpg;;;;"product_options:[{""title"":""Единица измерения"",""params"":{""view"":""buttons"",""hasColor"":false,""linkImage"":false}},{""title"":""Оттенок цвета"",""params"":{""view"":""buttons"",""hasColor"":true,""linkImage"":false}}]";;cPtLeJv0OsyMChF1Kysd;;Одежная;Овчина;;;Желтый;Арт-NATURELYELLOW;1;"5-6 фут2";0.5-0.6;;Наппа;;;;;;Турция;;0;0;0;0;FOT;1;https://ozelifkoja.ru/odejnayakozha/tproduct/811476918922-naturel
469926968472;;;;;"Naturel - фут2 - Оттенок желтого";;;;3.00;;;"Единица измерения:фут2;Оттенок цвета:Оттенок желтого #edde0e";;gNOl2APvo84nM5Fz92rf;811476918922;;;;;;;;;;;;;;;;;;;0;0;0;0;;;https://ozelifkoja.ru/odejnayakozha/tproduct/811476918922-naturel?editionuid=469926968472
369864020712;;;;;"Naturel - дм2 - Оттенок желтого";;;;0.32;;;"Единица измерения:дм2;Оттенок цвета:Оттенок желтого #edde0e";;OOohbR5Iv78iKvM0JK0r;811476918922;;;;;;;;;;;;;;;;;;;0;0;0;0;;;https://ozelifkoja.ru/odejnayakozha/tproduct/811476918922-naturel?editionuid=369864020712
751456029962;;;;"Одежная;Одежная / Гладкая";Naturel;;;https://static.tildacdn.com/stor6237-3665-4362-b431-646532633134/32707637.jpg;;;;"product_options:[{""title"":""Единица измерения"",""params"":{""view"":""buttons"",""hasColor"":false,""linkImage"":false}},{""title"":""Оттенок цвета"",""params"":{""view"":""buttons"",""hasColor"":true,""linkImage"":false}}]";;jlJ34LVhD2ioJlPVuXnY;;Одежная;Овчина;;;Синий;Арт-NATURELBLUE;1;"5-6 фут2";0.5-0.6;;Наппа;;;;;;Турция;;0;0;0;0;FOT;1;https://ozelifkoja.ru/odejnayakozha/tproduct/751456029962-naturel
994163822962;;;;;"Naturel - фут2 - Оттенок синего";;;;3.00;;;"Единица измерения:фут2;Оттенок цвета:Оттенок синего #0938f0";;xpBs1Roh49oYuHOKp9td;751456029962;;;;;;;;;;;;;;;;;;;0;0;0;0;;;https://ozelifkoja.ru/odejnayakozha/tproduct/751456029962-naturel?editionuid=994163822962
843541009322;;;;;"Naturel - дм2 - Оттенок синего";;;;0.32;;;"Единица измерения:дм2;Оттенок цвета:Оттенок синего #0938f0";;Jdu2y5FdmzybmSUf8Alc;751456029962;;;;;;;;;;;;;;;;;;;0;0;0;0;;;https://ozelifkoja.ru/odejnayakozha/tproduct/751456029962-naturel?editionuid=843541009322
218310520192;;;;"Одежная;Одежная / Гладкая";Naturel;;;https://static.tildacdn.com/stor3139-6665-4364-b262-616461383266/51230367.jpg;;;;"product_options:[{""title"":""Единица измерения"",""params"":{""view"":""buttons"",""hasColor"":false,""linkImage"":false}},{""title"":""Оттенок цвета"",""params"":{""view"":""buttons"",""hasColor"":true,""linkImage"":false}}]";;aN86Dz4cP8RESb84DObA;;Одежная;Овчина;;;Красный;Арт-NATURELRED;1;"5-6 фут2";0.5-0.6;;Наппа;;;;;;Турция;;0;0;0;0;FOT;1;https://ozelifkoja.ru/odejnayakozha/tproduct/218310520192-naturel
885066306112;;;;;"Naturel - фут2 - Оттенок красного";;;;3.00;;;"Единица измерения:фут2;Оттенок цвета:Оттенок красного #ff0000";;1pIoikCg37buVy3MflMV;218310520192;;;;;;;;;;;;;;;;;;;0;0;0;0;;;https://ozelifkoja.ru/odejnayakozha/tproduct/218310520192-naturel?editionuid=885066306112
114195545612;;;;;"Naturel - дм2 - Оттенок красного";;;;0.32;;;"Единица измерения:дм2;Оттенок цвета:Оттенок красного #ff0000";;5Uo7igem4YvdPbb3ODv6;218310520192;;;;;;;;;;;;;;;;;;;0;0;0;0;;;https://ozelifkoja.ru/odejnayakozha/tproduct/218310520192-naturel?editionuid=114195545612
642748976052;;;;"Одежная;Одежная / Гладкая";Naturel;;;https://static.tildacdn.com/stor6236-3738-4331-a131-323431653634/15658061.jpg;;;;"product_options:[{""title"":""Единица измерения"",""params"":{""view"":""buttons"",""hasColor"":false,""linkImage"":false}},{""title"":""Оттенок цвета"",""params"":{""view"":""buttons"",""hasColor"":true,""linkImage"":false}}]";;FCNHY0hjckeTTiUzn8yv;;Одежная;Овчина;;;Пудра;Арт-NATUREL14;1;"5-6 фут2";0.5-0.6;;Наппа;;;;;;Турция;;0;0;0;0;FOT;1;https://ozelifkoja.ru/odejnayakozha/tproduct/642748976052-naturel
801728958452;;;;;"Naturel - фут2 - Оттенок пудрового";;;;3.00;;;"Единица измерения:фут2;Оттенок цвета:Оттенок пудрового #00209e";;zGp9hZtcdrK4kschotgj;642748976052;;;;;;;;;;;;;;;;;;;0;0;0;0;;;https://ozelifkoja.ru/odejnayakozha/tproduct/642748976052-naturel?editionuid=801728958452
658497324862;;;;;"Naturel - дм2 - Оттенок пудрового";;;;0.32;;;"Единица измерения:дм2;Оттенок цвета:Оттенок пудрового #00209e";;k7t9ISUX0moI28aARxkf;642748976052;;;;;;;;;;;;;;;;;;;0;0;0;0;;;https://ozelifkoja.ru/odejnayakozha/tproduct/642748976052-naturel?editionuid=658497324862
628461631742;;;;"Одежная;Одежная / Гладкая";Naturel;;;https://static.tildacdn.com/stor6233-6532-4165-b566-653837366536/58085424.jpg;;;;"product_options:[{""title"":""Единица измерения"",""params"":{""view"":""buttons"",""hasColor"":false,""linkImage"":false}},{""title"":""Оттенок цвета"",""params"":{""view"":""buttons"",""hasColor"":true,""linkImage"":false}}]";;NHMGTvGZIoAHn9iKNkzJ;;Одежная;Овчина;;;Бежевый;Арт-NATURELBEIGE;1;"5-6 фут2";0.5-0.6;;Наппа;;;;;;Турция;;0;0;0;0;FOT;1;https://ozelifkoja.ru/odejnayakozha/tproduct/628461631742-naturel
900851611382;;;;;"Naturel - фут2 - Оттенок бежевого";;;;3.00;;;"Единица измерения:фут2;Оттенок цвета:Оттенок бежевого #d4b088";;OAeBXIcjv3TsLBaUgzKC;628461631742;;;;;;;;;;;;;;;;;;;0;0;0;0;;;https://ozelifkoja.ru/odejnayakozha/tproduct/628461631742-naturel?editionuid=900851611382
260172800002;;;;;"Naturel - дм2 - Оттенок бежевого";;;;0.32;;;"Единица измерения:дм2;Оттенок цвета:Оттенок бежевого #d4b088";;mFHZsI19FTSGMy5tgPX7;628461631742;;;;;;;;;;;;;;;;;;;0;0;0;0;;;https://ozelifkoja.ru/odejnayakozha/tproduct/628461631742-naturel?editionuid=260172800002
626831027862;;;;"Одежная;Одежная / Гладкая";Naturel;;;https://static.tildacdn.com/stor3364-6164-4830-b638-373564383236/18581418.jpg;;;;"product_options:[{""title"":""Единица измерения"",""params"":{""view"":""buttons"",""hasColor"":false,""linkImage"":false}},{""title"":""Оттенок цвета"",""params"":{""view"":""buttons"",""hasColor"":true,""linkImage"":false}}]";;I59dUlJzdErDPcAXMUIg;;Одежная;Овчина;;;Зеленый;Арт-NATURELGREEN;1;"5-6 фут2";0.5-0.6;;Наппа;;;;;;Турция;;0;0;0;0;FOT;1;https://ozelifkoja.ru/odejnayakozha/tproduct/626831027862-naturel
214616291122;;;;;"Naturel - фут2 - Оттенок зеленого";;;;3.00;;;"Единица измерения:фут2;Оттенок цвета:Оттенок зеленого #028a34";;XibaAeN6THnNac44JMu2;626831027862;;;;;;;;;;;;;;;;;;;0;0;0;0;;;https://ozelifkoja.ru/odejnayakozha/tproduct/626831027862-naturel?editionuid=214616291122
283697549842;;;;;"Naturel - дм2 - Оттенок зеленого";;;;0.32;;;"Единица измерения:дм2;Оттенок цвета:Оттенок зеленого #028a34";;FpIE7ieF0YSLnunA73tm;626831027862;;;;;;;;;;;;;;;;;;;0;0;0;0;;;https://ozelifkoja.ru/odejnayakozha/tproduct/626831027862-naturel?editionuid=283697549842
512746235112;;;;"Дубленочный;Дубленка / Меринос;Распродажа";"Дубленочный материал Меринос ""Croco""";;;https://static.tildacdn.com/stor3133-3137-4137-b336-346166336332/95867234.jpg;;;;"product_options:[{""title"":""Единица измерения"",""params"":{""view"":""buttons"",""hasColor"":false,""linkImage"":false}},{""title"":""Оттенок цвета"",""params"":{""view"":""buttons"",""hasColor"":true,""linkImage"":false}}]";;yj4My5cbxFkc9YYGketB;;Одежная;Овчина;Дубленка;;Коричневый;;;"6-7 фут2";;;;;;;;;Турция;;0;0;0;0;FOT;1;https://ozelifkoja.ru/dublyonka/tproduct/512746235112-dublenochnii-material-merinos-croco
698604331572;;;;;"Дубленочный материал Меринос ""Croco"" - фут2 - Оттенок коричневого";;;;7.00;;10;"Единица измерения:фут2;Оттенок цвета:Оттенок коричневого #6e3b12";;2ogOuhSKIprM4kFOjpS5;512746235112;;;;;;;;;;;;;;;;;;;0;0;0;0;;;https://ozelifkoja.ru/dublyonka/tproduct/512746235112-dublenochnii-material-merinos-croco?editionuid=698604331572
913533730962;;;;;"Дубленочный материал Меринос ""Croco"" - дм2 - Оттенок коричневого";;;;0.75;;1.07;"Единица измерения:дм2;Оттенок цвета:Оттенок коричневого #6e3b12";;xiL4VEMxOr4s6y3ATAaH;512746235112;;;;;;;;;;;;;;;;;;;0;0;0;0;;;https://ozelifkoja.ru/dublyonka/tproduct/512746235112-dublenochnii-material-merinos-croco?editionuid=913533730962
689170879522;;;;"Дубленочный;Дубленка / Меринос";"Дубленочный материал Меринос ""Pink""";;;https://static.tildacdn.com/stor3962-3564-4333-a632-356363656635/52368798.jpg;;;;"product_options:[{""title"":""Единица измерения"",""params"":{""view"":""buttons"",""hasColor"":false,""linkImage"":false}},{""title"":""Оттенок цвета"",""params"":{""view"":""buttons"",""hasColor"":true,""linkImage"":false}}]";;67LKevhK3aAPMK2d4XGH;;Одежная;Овчина;Дубленка;;Розовый;;;"5-6 фут";;;;;;;;;Турция;;0;0;0;0;FOT;1;https://ozelifkoja.ru/dublyonka/tproduct/689170879522-dublenochnii-material-merinos-pink
941114366302;;;;;"Дубленочный материал Меринос ""Pink"" - фут2 - Оттенок розового";;;;6.00;;;"Единица измерения:фут2;Оттенок цвета:Оттенок розового #d65656";;heMrk83bXlCJ6bm1KSoV;689170879522;;;;;;;;;;;;;;;;;;;0;0;0;0;;;https://ozelifkoja.ru/dublyonka/tproduct/689170879522-dublenochnii-material-merinos-pink?editionuid=941114366302
986515267372;;;;;"Дубленочный материал Меринос ""Pink"" - дм2 - Оттенок розового";;;;0.64;;;"Единица измерения:дм2;Оттенок цвета:Оттенок розового #d65656";;Z3d6r8HPv6vLMcG2688H;689170879522;;;;;;;;;;;;;;;;;;;0;0;0;0;;;https://ozelifkoja.ru/dublyonka/tproduct/689170879522-dublenochnii-material-merinos-pink?editionuid=986515267372
364483193342;;;;"Одежная;Одежная / Гладкая";"Vip Black";;;https://static.tildacdn.com/stor3635-3966-4338-a338-633434316335/28997031.jpg;;;;"product_options:[{""title"":""Единица измерения"",""params"":{""view"":""buttons"",""hasColor"":false,""linkImage"":false}},{""title"":""Оттенок цвета"",""params"":{""view"":""buttons"",""hasColor"":true,""linkImage"":false}}]";;f0Hk84mbDKuVKgsNlHSp;;Одежная;Овчина;;;Черный;Арт-VIPBLACK;1;"9-10 фут";0.8-0.9;;;;;;;;Турция;;0;0;0;0;FOT;1;https://ozelifkoja.ru/odejnayakozha/tproduct/364483193342-vip-black
572397836162;;;;;"Vip Black - фут2 - Оттенок черного";;;;4.50;;;"Единица измерения:фут2;Оттенок цвета:Оттенок черного #000000";;gdRiG1J2plKJXJ6faGlx;364483193342;;;;;;;;;;;;;;;;;;;0;0;0;0;;;https://ozelifkoja.ru/odejnayakozha/tproduct/364483193342-vip-black?editionuid=572397836162
480890829822;;;;;"Vip Black - дм2 - Оттенок черного";;;;0.48;;;"Единица измерения:дм2;Оттенок цвета:Оттенок черного #000000";;ZGNCuCdMiXIbdkuvauEJ;364483193342;;;;;;;;;;;;;;;;;;;0;0;0;0;;;https://ozelifkoja.ru/odejnayakozha/tproduct/364483193342-vip-black?editionuid=480890829822
356726322732;;;;"Одежная;Одежная / Гладкая";"Giysilik Black";;;https://static.tildacdn.com/stor3537-6134-4361-b735-363839373534/36034470.jpg;;;;"product_options:[{""title"":""Единица измерения"",""params"":{""view"":""buttons"",""hasColor"":false,""linkImage"":false}},{""title"":""Оттенок цвета"",""params"":{""view"":""buttons"",""hasColor"":true,""linkImage"":false}}]";;rcOOStbnk9rRxi63puJ4;;Одежная;Овчина;;;Черный;Арт-VAKUM;1;"9-10 фут";0.8-0.9;;;;;;;;Турция;;0;0;0;0;FOT;1;https://ozelifkoja.ru/odejnayakozha/tproduct/356726322732-giysilik-black
753422188852;;;;;"Giysilik Black - фут2 - Оттенок черного";;;;5.00;;;"Единица измерения:фут2;Оттенок цвета:Оттенок черного #000000";;lpiYR81GEsEkJVM0rBU6;356726322732;;;;;;;;;;;;;;;;;;;0;0;0;0;;;https://ozelifkoja.ru/odejnayakozha/tproduct/356726322732-giysilik-black?editionuid=753422188852
218246622712;;;;;"Giysilik Black - дм2 - Оттенок черного";;;;0.53;;;"Единица измерения:дм2;Оттенок цвета:Оттенок черного #000000";;asbNtfkxcbrdLHN6FKLS;356726322732;;;;;;;;;;;;;;;;;;;0;0;0;0;;;https://ozelifkoja.ru/odejnayakozha/tproduct/356726322732-giysilik-black?editionuid=218246622712
792982223882;;;;"Одежная;Одежная / Гладкая";"Zig Black";;;https://static.tildacdn.com/stor3138-3361-4538-a537-386536323738/32240076.jpg;;;;"product_options:[{""title"":""Единица измерения"",""params"":{""view"":""buttons"",""hasColor"":false,""linkImage"":false}},{""title"":""Оттенок цвета"",""params"":{""view"":""buttons"",""hasColor"":true,""linkImage"":false}}]";;HTm9iP616KIBpGZbf0yF;;Одежная;Овчина;;;Черный;Арт-ZIGBLACK;1;"9-10 фут";0.9-1;;;;;;;;Турция;;0;0;0;0;FOT;1;https://ozelifkoja.ru/odejnayakozha/tproduct/792982223882-zig-black
278925819022;;;;;"Zig Black - фут2 - Оттенок черного";;;;3.00;;;"Единица измерения:фут2;Оттенок цвета:Оттенок черного #000000";;BvUejx8y52xYyUJMPgmc;792982223882;;;;;;;;;;;;;;;;;;;0;0;0;0;;;https://ozelifkoja.ru/odejnayakozha/tproduct/792982223882-zig-black?editionuid=278925819022
776744987112;;;;;"Zig Black - дм2 - Оттенок черного";;;;0.32;;;"Единица измерения:дм2;Оттенок цвета:Оттенок черного #000000";;SCo4eoh0SXiVKv7XhjUH;792982223882;;;;;;;;;;;;;;;;;;;0;0;0;0;;;https://ozelifkoja.ru/odejnayakozha/tproduct/792982223882-zig-black?editionuid=776744987112
850392475992;;;;"Одежная;Одежная / Гладкая";"Nappa Visky";;;https://static.tildacdn.com/stor3833-3334-4835-b531-333834303434/31206327.jpg;;;;"product_options:[{""title"":""Единица измерения"",""params"":{""view"":""buttons"",""hasColor"":false,""linkImage"":false}},{""title"":""Оттенок цвета"",""params"":{""view"":""buttons"",""hasColor"":true,""linkImage"":false}}]";;FyVHkM2moUB3rel4UkjL;;Одежная;Овчина;;;Коричневый;Арт-NAPPAVISKY;1;"6-7 фут";0.7-0.8;;;;;;;;Африка;;0;0;0;0;FOT;1;https://ozelifkoja.ru/odejnayakozha/tproduct/850392475992-nappa-visky
776548512822;;;;;"Nappa Visky - фут2 - Оттенок коричневого";;;;5.00;;;"Единица измерения:фут2;Оттенок цвета:Оттенок коричневого #6e3b12";;163VyraDPXOu0ecbjzMm;850392475992;;;;;;;;;;;;;;;;;;;0;0;0;0;;;https://ozelifkoja.ru/odejnayakozha/tproduct/850392475992-nappa-visky?editionuid=776548512822
965823495662;;;;;"Nappa Visky - дм2 - Оттенок коричневого";;;;0.53;;;"Единица измерения:дм2;Оттенок цвета:Оттенок коричневого #6e3b12";;HzuJpC0nOGHadbL1HN5T;850392475992;;;;;;;;;;;;;;;;;;;0;0;0;0;;;https://ozelifkoja.ru/odejnayakozha/tproduct/850392475992-nappa-visky?editionuid=965823495662
163095583612;;;;"Одежная;Одежная / Гладкая";"Nappa Red";;;https://static.tildacdn.com/stor3735-3038-4535-b034-323566363264/90966652.jpg;;;;"product_options:[{""title"":""Единица измерения"",""params"":{""view"":""buttons"",""hasColor"":false,""linkImage"":false}},{""title"":""Оттенок цвета"",""params"":{""view"":""buttons"",""hasColor"":true,""linkImage"":false}}]";;a50J2cmxBkuaG8T7sKbi;;Одежная;Овчина;;;Красный;Арт-NAPPARED;1;"6-7 фут";0.7-0.8;;;;;;;;Африка;;0;0;0;0;FOT;1;https://ozelifkoja.ru/odejnayakozha/tproduct/163095583612-nappa-red
177522233512;;;;;"Nappa Red - фут2 - Оттенок красного";;;;5.00;;;"Единица измерения:фут2;Оттенок цвета:Оттенок красного #ff0000";;k2FzfC1D2nb81aii3Js6;163095583612;;;;;;;;;;;;;;;;;;;0;0;0;0;;;https://ozelifkoja.ru/odejnayakozha/tproduct/163095583612-nappa-red?editionuid=177522233512
888004955702;;;;;"Nappa Red - дм2 - Оттенок красного";;;;0.53;;;"Единица измерения:дм2;Оттенок цвета:Оттенок красного #ff0000";;JiafI0r4kFXnOUg3oEhx;163095583612;;;;;;;;;;;;;;;;;;;0;0;0;0;;;https://ozelifkoja.ru/odejnayakozha/tproduct/163095583612-nappa-red?editionuid=888004955702
787939533132;;;;"Одежная;Одежная / Перфорированная";"Perforated Black";;;https://static.tildacdn.com/stor3664-6630-4538-a335-333762393030/43772186.jpg;;;;"product_options:[{""title"":""Единица измерения"",""params"":{""view"":""buttons"",""hasColor"":false,""linkImage"":false}},{""title"":""Оттенок цвета"",""params"":{""view"":""buttons"",""hasColor"":true,""linkImage"":false}}]";;yFrYpj0j5PAat5ug56lV;;Одежная;Овчина;;;Черный;Арт-PERFORATED;1;"7-8 фут2";0.7-0.8;;"Натуральное крошение";;;;;;Турция;;0;0;0;0;FOT;1;https://ozelifkoja.ru/odejnayakozha/tproduct/787939533132-perforated-black
773826628712;;;;;"Perforated Black - фут2 - Оттенок черного";;;;5.00;;;"Единица измерения:фут2;Оттенок цвета:Оттенок черного #000000";;D5J6mzg8haxJf5zDIaI9;787939533132;;;;;;;;;;;;;;;;;;;0;0;0;0;;;https://ozelifkoja.ru/odejnayakozha/tproduct/787939533132-perforated-black?editionuid=773826628712
419726307702;;;;;"Perforated Black - дм2 - Оттенок черного";;;;0.53;;;"Единица измерения:дм2;Оттенок цвета:Оттенок черного #000000";;ocNIyPe2A5UfiG8hEGeB;787939533132;;;;;;;;;;;;;;;;;;;0;0;0;0;;;https://ozelifkoja.ru/odejnayakozha/tproduct/787939533132-perforated-black?editionuid=419726307702
627490306522;;;;"Одежная;Одежная / Перфорированная";"Perforated Brown";;;https://static.tildacdn.com/stor3137-3231-4930-a231-613539613462/85189364.jpg;;;;"product_options:[{""title"":""Единица измерения"",""params"":{""view"":""buttons"",""hasColor"":false,""linkImage"":false}},{""title"":""Оттенок цвета"",""params"":{""view"":""buttons"",""hasColor"":true,""linkImage"":false}}]";;p3SgDpbcBycH6YsaFI1Z;;Одежная;Овчина;;;Коричневый;Арт-PERFORATED;1;"7-8 фут2";0.7-0.8;;"Натуральное крошение";;;;;;Турция;;0;0;0;0;FOT;1;https://ozelifkoja.ru/odejnayakozha/tproduct/627490306522-perforated-brown
595618043762;;;;;"Perforated Brown - фут2 - Оттенок коричневого";;;;5.00;;;"Единица измерения:фут2;Оттенок цвета:Оттенок коричневого #6e3b12";;lBSviLTnLNU6Tz2ghcZo;627490306522;;;;;;;;;;;;;;;;;;;0;0;0;0;;;https://ozelifkoja.ru/odejnayakozha/tproduct/627490306522-perforated-brown?editionuid=595618043762
909191129412;;;;;"Perforated Brown - дм2 - Оттенок коричневого";;;;0.53;;;"Единица измерения:дм2;Оттенок цвета:Оттенок коричневого #6e3b12";;gNbfeV4YkKzMj73AmlRU;627490306522;;;;;;;;;;;;;;;;;;;0;0;0;0;;;https://ozelifkoja.ru/odejnayakozha/tproduct/627490306522-perforated-brown?editionuid=909191129412
213460780122;;;;"Одежная;Одежная / Перфорированная";"Perforated Dark Brown";;;https://static.tildacdn.com/stor3165-3466-4565-b163-366137303466/93772838.jpg;;;;"product_options:[{""title"":""Единица измерения"",""params"":{""view"":""buttons"",""hasColor"":false,""linkImage"":false}},{""title"":""Оттенок цвета"",""params"":{""view"":""buttons"",""hasColor"":true,""linkImage"":false}}]";;F5cCYlh4ur1etedtnvSz;;Одежная;Овчина;;;Коричневый;Арт-PERFORATED;1;"7-8 фут2";0.7-0.8;;"Натуральное крошение";;;;;;Турция;;0;0;0;0;FOT;1;https://ozelifkoja.ru/odejnayakozha/tproduct/213460780122-perforated-dark-brown
596663544982;;;;;"Perforated Dark Brown - фут2 - Оттенок коричневого";;;;5.00;;;"Единица измерения:фут2;Оттенок цвета:Оттенок коричневого #6e3b12";;pamleTxGLGex6yYOt38K;213460780122;;;;;;;;;;;;;;;;;;;0;0;0;0;;;https://ozelifkoja.ru/odejnayakozha/tproduct/213460780122-perforated-dark-brown?editionuid=596663544982
931012403162;;;;;"Perforated Dark Brown - дм2 - Оттенок коричневого";;;;0.53;;;"Единица измерения:дм2;Оттенок цвета:Оттенок коричневого #6e3b12";;7leaxHEItRPr6iLlT25e;213460780122;;;;;;;;;;;;;;;;;;;0;0;0;0;;;https://ozelifkoja.ru/odejnayakozha/tproduct/213460780122-perforated-dark-brown?editionuid=931012403162
498208614312;;;;"Одежная;Одежная / Винтажная";"Marocco Black";;;https://static.tildacdn.com/stor3431-3165-4031-b939-626432316135/38819508.jpg;;;;"product_options:[{""title"":""Единица измерения"",""params"":{""view"":""buttons"",""hasColor"":false,""linkImage"":false}},{""title"":""Оттенок цвета"",""params"":{""view"":""buttons"",""hasColor"":true,""linkImage"":false}}]";;XKgjdVyIkhfy3DyLFsuj;;Одежная;Овчина;;;Черный;Арт-MAROCCOBLACK;1;"6-7 фут";0.8-0.9;;;;;;;;Турция;;0;0;0;0;FOT;1;https://ozelifkoja.ru/odejnayakozha/tproduct/498208614312-marocco-black
170110344942;;;;;"Marocco Black - фут2 - Оттенок черного";;;;5.00;;;"Единица измерения:фут2;Оттенок цвета:Оттенок черного #000000";;oBpdb4VlrLcdptBbaDj1;498208614312;;;;;;;;;;;;;;;;;;;0;0;0;0;;;https://ozelifkoja.ru/odejnayakozha/tproduct/498208614312-marocco-black?editionuid=170110344942
633418146652;;;;;"Marocco Black - дм2 - Оттенок черного";;;;0.53;;;"Единица измерения:дм2;Оттенок цвета:Оттенок черного #000000";;oUTv8HvrYVjMXJdlcv0G;498208614312;;;;;;;;;;;;;;;;;;;0;0;0;0;;;https://ozelifkoja.ru/odejnayakozha/tproduct/498208614312-marocco-black?editionuid=633418146652
503976184682;;;;"Одежная;Одежная / Винтажная";"Marocco Green";;;https://static.tildacdn.com/stor6636-6664-4538-b862-346365666239/76982295.jpg;;;;"product_options:[{""title"":""Единица измерения"",""params"":{""view"":""buttons"",""hasColor"":false,""linkImage"":false}},{""title"":""Оттенок цвета"",""params"":{""view"":""buttons"",""hasColor"":true,""linkImage"":false}}]";;i3pe8yvzVUCZK0YDZ81d;;Одежная;Овчина;;;Зеленый;Арт-MAROCCOGREEN;1;"6-7 фут";0.8-0.9;;;;;;;;Турция;;0;0;0;0;FOT;1;https://ozelifkoja.ru/odejnayakozha/tproduct/503976184682-marocco-green
647981231542;;;;;"Marocco Green - фут2 - Оттенок зеленого";;;;5.00;;;"Единица измерения:фут2;Оттенок цвета:Оттенок зеленого #028a34";;YMXp4PvggUVNS7FTAK3C;503976184682;;;;;;;;;;;;;;;;;;;0;0;0;0;;;https://ozelifkoja.ru/odejnayakozha/tproduct/503976184682-marocco-green?editionuid=647981231542
287729091282;;;;;"Marocco Green - дм2 - Оттенок зеленого";;;;0.53;;;"Единица измерения:дм2;Оттенок цвета:Оттенок зеленого #028a34";;68hL2UAto5XoefynfjBa;503976184682;;;;;;;;;;;;;;;;;;;0;0;0;0;;;https://ozelifkoja.ru/odejnayakozha/tproduct/503976184682-marocco-green?editionuid=287729091282
230531567202;;;;"Одежная;Одежная / Винтажная";"Zig Antik";;;https://static.tildacdn.com/stor3535-3631-4237-b064-666563633365/38691674.jpg;;;;"product_options:[{""title"":""Единица измерения"",""params"":{""view"":""buttons"",""hasColor"":false,""linkImage"":false}},{""title"":""Оттенок цвета"",""params"":{""view"":""buttons"",""hasColor"":true,""linkImage"":false}}]";;Ua01LBc10XMORa51ulio;;Одежная;Овчина;;;Коричневый;Арт-ZIGANTIK;1;"7-8 фут2";0.7-0.8;;;;;;;;Турция;;0;0;0;0;FOT;1;https://ozelifkoja.ru/odejnayakozha/tproduct/230531567202-zig-antik
214969491562;;;;;"Zig Antik - фут2 - Оттенок коричневого";;;;4.00;;;"Единица измерения:фут2;Оттенок цвета:Оттенок коричневого #6e3b12";;n4AxIi6TRNZTn1V815M2;230531567202;;;;;;;;;;;;;;;;;;;0;0;0;0;;;https://ozelifkoja.ru/odejnayakozha/tproduct/230531567202-zig-antik?editionuid=214969491562
991909547382;;;;;"Zig Antik - дм2 - Оттенок коричневого";;;;0.43;;;"Единица измерения:дм2;Оттенок цвета:Оттенок коричневого #6e3b12";;X8CGb2bZA2dJu2YIfNs6;230531567202;;;;;;;;;;;;;;;;;;;0;0;0;0;;;https://ozelifkoja.ru/odejnayakozha/tproduct/230531567202-zig-antik?editionuid=991909547382
381247238812;;;;"Одежная;Одежная / Гладкая";"Full Vegetale Pressed";;;https://static.tildacdn.com/stor3764-6331-4631-b739-366536646131/67130162.jpg;;;;"product_options:[{""title"":""Единица измерения"",""params"":{""view"":""buttons"",""hasColor"":false,""linkImage"":false}},{""title"":""Оттенок цвета"",""params"":{""view"":""buttons"",""hasColor"":true,""linkImage"":false}}]";;brTSZ2dSko6X7DeFjr1Z;;Одежная;Овчина;;;Коричневый;Арт-VEGETALEBROWN;1;"6-7 фут2";0.7-0.8;;"Натуральное крошение";;;;;;Турция;;0;0;0;0;FOT;1;https://ozelifkoja.ru/odejnayakozha/tproduct/381247238812-full-vegetale-pressed
951564324952;;;;;"Full Vegetale Pressed - Оттенок коричневого";;;;5.00;;;"Единица измерения:;Оттенок цвета:Оттенок коричневого #6e3b12";;GpFMASkl162ytsRgmMrC;381247238812;;;;;;;;;;;;;;;;;;;0;0;0;0;;;https://ozelifkoja.ru/odejnayakozha/tproduct/381247238812-full-vegetale-pressed?editionuid=951564324952
148296485512;;;;;"Full Vegetale Pressed - Оттенок коричневого";;;;0.53;;;"Единица измерения:;Оттенок цвета:Оттенок коричневого #6e3b12";;Mj2cco0RvEn0LK4zOpNn;381247238812;;;;;;;;;;;;;;;;;;;0;0;0;0;;;https://ozelifkoja.ru/odejnayakozha/tproduct/381247238812-full-vegetale-pressed?editionuid=148296485512
561218535252;;;;"Замша;Замша / Гладкая";"Suede Marocco Taba";;;https://static.tildacdn.com/stor6233-6230-4739-b033-666338636235/66144688.jpg;;;;"product_options:[{""title"":""Единица измерения"",""params"":{""view"":""buttons"",""hasColor"":false,""linkImage"":false}},{""title"":""Оттенок цвета"",""params"":{""view"":""buttons"",""hasColor"":true,""linkImage"":false}}]";;ui4h5Y48FF2S7yZ98L8k;;Одежная;Овчина;Замша;;Коричневый;;;"5-6 фут2";0.8-0.9;;;;;;;;Турция;;0;0;0;0;FOT;1;https://ozelifkoja.ru/zamsha/tproduct/561218535252-suede-marocco-taba
473006899812;;;;;"Suede Marocco Taba - фут2 - Оттенок коричневого";;;;4.50;;;"Единица измерения:фут2;Оттенок цвета:Оттенок коричневого #6e3b12";;YzK2nMBAzcuUN7fd2KtT;561218535252;;;;;;;;;;;;;;;;;;;0;0;0;0;;;https://ozelifkoja.ru/zamsha/tproduct/561218535252-suede-marocco-taba?editionuid=473006899812
305107428082;;;;;"Suede Marocco Taba - дм2 - Оттенок коричневого";;;;0.48;;;"Единица измерения:дм2;Оттенок цвета:Оттенок коричневого #6e3b12";;VhxBY5SxBpNrB4GPhFg0;561218535252;;;;;;;;;;;;;;;;;;;0;0;0;0;;;https://ozelifkoja.ru/zamsha/tproduct/561218535252-suede-marocco-taba?editionuid=305107428082
464991367302;;;;"Замша;Замша / Гладкая";"Suede Marocco Grey";;;https://static.tildacdn.com/stor6335-6430-4463-b263-346630633365/33495188.jpg;;;;"product_options:[{""title"":""Единица измерения"",""params"":{""view"":""buttons"",""hasColor"":false,""linkImage"":false}},{""title"":""Оттенок цвета"",""params"":{""view"":""buttons"",""hasColor"":true,""linkImage"":false}}]";;LyetANZz1VhLoxhHrXhk;;Одежная;Овчина;Замша;;Серый;;;"5-6 фут2";0.8-0.9;;;;;;;;Турция;;0;0;0;0;FOT;1;https://ozelifkoja.ru/zamsha/tproduct/464991367302-suede-marocco-grey
316718383062;;;;;"Suede Marocco Grey - фут2 - Оттенок серого";;;;4.50;;;"Единица измерения:фут2;Оттенок цвета:Оттенок серого #9e9898";;pKkpzHtO4r8LS8mOZRzi;464991367302;;;;;;;;;;;;;;;;;;;0;0;0;0;;;https://ozelifkoja.ru/zamsha/tproduct/464991367302-suede-marocco-grey?editionuid=316718383062
861959144932;;;;;"Suede Marocco Grey - дм2 - Оттенок серого";;;;0.48;;;"Единица измерения:дм2;Оттенок цвета:Оттенок серого #9e9898";;ZYFkILLOMb9hv7T3TgTL;464991367302;;;;;;;;;;;;;;;;;;;0;0;0;0;;;https://ozelifkoja.ru/zamsha/tproduct/464991367302-suede-marocco-grey?editionuid=861959144932
372423027212;;;;"Замша;Замша / Фактурная";"Sandy Suede D.Brown";;;https://static.tildacdn.com/stor3433-3938-4637-b562-363434303636/64737410.jpg;;;;"product_options:[{""title"":""Единица измерения"",""params"":{""view"":""buttons"",""hasColor"":false,""linkImage"":false}},{""title"":""Оттенок цвета"",""params"":{""view"":""buttons"",""hasColor"":true,""linkImage"":false}}]";;y4isY426x0txyhdyLYr0;;Одежная;Овчина;Замша;;Коричневый;;;"4-5 фут2";0.7-0.8;;;;;;;;Африка;;0;0;0;0;FOT;1;https://ozelifkoja.ru/zamsha/tproduct/372423027212-sandy-suede-dbrown
314412201352;;;;;"Sandy Suede D.Brown - фут2 - Оттенок коричневого";;;;5.00;;;"Единица измерения:фут2;Оттенок цвета:Оттенок коричневого #6e3b12";;rmncnfuhgvHceEuRuc4F;372423027212;;;;;;;;;;;;;;;;;;;0;0;0;0;;;https://ozelifkoja.ru/zamsha/tproduct/372423027212-sandy-suede-dbrown?editionuid=314412201352
564954215452;;;;;"Sandy Suede D.Brown - дм2 - Оттенок коричневого";;;;0.53;;;"Единица измерения:дм2;Оттенок цвета:Оттенок коричневого #6e3b12";;SdgCTpkM2Al29Eb97yvB;372423027212;;;;;;;;;;;;;;;;;;;0;0;0;0;;;https://ozelifkoja.ru/zamsha/tproduct/372423027212-sandy-suede-dbrown?editionuid=564954215452
135758126232;;;;"Замша;Замша / Фактурная";"Sandy Suede Black";;;https://static.tildacdn.com/stor3464-3430-4638-a638-383162373634/70668791.jpg;;;;"product_options:[{""title"":""Единица измерения"",""params"":{""view"":""buttons"",""hasColor"":false,""linkImage"":false}},{""title"":""Оттенок цвета"",""params"":{""view"":""buttons"",""hasColor"":true,""linkImage"":false}}]";;fSguLnj0IOkic1i9S4Rz;;Одежная;Овчина;Замша;;Черный;;;"4-5 фут2";0.7-0.8;;;;;;;;Африка;;0;0;0;0;FOT;1;https://ozelifkoja.ru/zamsha/tproduct/135758126232-sandy-suede-black
173458239492;;;;;"Sandy Suede Black - фут2 - Оттенок черного";;;;5.00;;;"Единица измерения:фут2;Оттенок цвета:Оттенок черного #000000";;Zm6O400geAIBYMvvblBB;135758126232;;;;;;;;;;;;;;;;;;;0;0;0;0;;;https://ozelifkoja.ru/zamsha/tproduct/135758126232-sandy-suede-black?editionuid=173458239492
992358977912;;;;;"Sandy Suede Black - дм2 - Оттенок черного";;;;0.53;;;"Единица измерения:дм2;Оттенок цвета:Оттенок черного #000000";;Cbr0Z5fY2FHDY91DSTZV;135758126232;;;;;;;;;;;;;;;;;;;0;0;0;0;;;https://ozelifkoja.ru/zamsha/tproduct/135758126232-sandy-suede-black?editionuid=992358977912
564770761822;;;;"Одежная;Одежная / Фактурная";"Jeans Effect";;;https://static.tildacdn.com/stor6137-3763-4435-b463-633064663764/48917537.jpg;;;;"product_options:[{""title"":""Единица измерения"",""params"":{""view"":""buttons"",""hasColor"":false,""linkImage"":false}},{""title"":""Оттенок цвета"",""params"":{""view"":""buttons"",""hasColor"":true,""linkImage"":false}}]";;uJCM7U39xMo8YSCLkHjc;;Одежная;Овчина;;;Синий;Арт-JEANS;1;"9-10 фут";0.8-0.9;;;;;;;;Турция;;0;0;0;0;FOT;1;https://ozelifkoja.ru/odejnayakozha/tproduct/564770761822-jeans-effect
533811812232;;;;;"Jeans Effect - Оттенок синего";;;;5.00;;;"Единица измерения:;Оттенок цвета:Оттенок синего #0938f0";;S7TxteLHzPY6SFCG4T92;564770761822;;;;;;;;;;;;;;;;;;;0;0;0;0;;;https://ozelifkoja.ru/odejnayakozha/tproduct/564770761822-jeans-effect?editionuid=533811812232
958718143442;;;;;"Jeans Effect - Оттенок синего";;;;0.53;;;"Единица измерения:;Оттенок цвета:Оттенок синего #0938f0";;cIF5NY98L5k0GNLp4oUT;564770761822;;;;;;;;;;;;;;;;;;;0;0;0;0;;;https://ozelifkoja.ru/odejnayakozha/tproduct/564770761822-jeans-effect?editionuid=958718143442
378521427732;;;;"Одежная;Одежная / Фактурная";"Jeans Effect";;;https://static.tildacdn.com/stor3737-6632-4862-b965-353937336533/79527277.jpg;;;;"product_options:[{""title"":""Единица измерения"",""params"":{""view"":""buttons"",""hasColor"":false,""linkImage"":false}},{""title"":""Оттенок цвета"",""params"":{""view"":""buttons"",""hasColor"":true,""linkImage"":false}}]";;RlhbdZsdgxNtohSoGEpI;;Одежная;Овчина;;;Синий;Арт-JEANS;1;"9-10 фут";0.8-0.9;;;;;;;;Турция;;0;0;0;0;FOT;1;https://ozelifkoja.ru/odejnayakozha/tproduct/378521427732-jeans-effect
796796465212;;;;;"Jeans Effect - Оттенок синего";;;;5.00;;;"Единица измерения:;Оттенок цвета:Оттенок синего #0938f0";;rZkA2F9JHEeaJZ5Axxc2;378521427732;;;;;;;;;;;;;;;;;;;0;0;0;0;;;https://ozelifkoja.ru/odejnayakozha/tproduct/378521427732-jeans-effect?editionuid=796796465212
923238949952;;;;;"Jeans Effect - Оттенок синего";;;;0.53;;;"Единица измерения:;Оттенок цвета:Оттенок синего #0938f0";;hgAAz3bVXpYLFUXRCm1H;378521427732;;;;;;;;;;;;;;;;;;;0;0;0;0;;;https://ozelifkoja.ru/odejnayakozha/tproduct/378521427732-jeans-effect?editionuid=923238949952
709019811212;;;;"Одежная;Одежная / Фактурная";"Jeans Effect";;;https://static.tildacdn.com/stor3634-6539-4138-a533-373762633061/75459313.jpg;;;;"product_options:[{""title"":""Единица измерения"",""params"":{""view"":""buttons"",""hasColor"":false,""linkImage"":false}},{""title"":""Оттенок цвета"",""params"":{""view"":""buttons"",""hasColor"":true,""linkImage"":false}}]";;zXkr4X3DR0TMsV3C48h2;;Одежная;Овчина;;;Синий;Арт-JEANS;1;"9-10 фут";0.8-0.9;;;;;;;;Турция;;0;0;0;0;FOT;1;https://ozelifkoja.ru/odejnayakozha/tproduct/709019811212-jeans-effect
105163124152;;;;;"Jeans Effect - Оттенок синего";;;;5.00;;;"Единица измерения:;Оттенок цвета:Оттенок синего #0938f0";;XKvYRkE0aiGOLrR8UHI9;709019811212;;;;;;;;;;;;;;;;;;;0;0;0;0;;;https://ozelifkoja.ru/odejnayakozha/tproduct/709019811212-jeans-effect?editionuid=105163124152
385410699892;;;;;"Jeans Effect - Оттенок синего";;;;0.53;;;"Единица измерения:;Оттенок цвета:Оттенок синего #0938f0";;5T1tUtKfPgIMltptpXsD;709019811212;;;;;;;;;;;;;;;;;;;0;0;0;0;;;https://ozelifkoja.ru/odejnayakozha/tproduct/709019811212-jeans-effect?editionuid=385410699892
161612497932;;;;"Одежная;Одежная / Перфорированная";"Perforated D.Blue";;;https://static.tildacdn.com/stor3532-3131-4063-b536-343434303537/73538612.jpg;;;;"product_options:[{""title"":""Единица измерения"",""params"":{""view"":""buttons"",""hasColor"":false,""linkImage"":false}},{""title"":""Оттенок цвета"",""params"":{""view"":""buttons"",""hasColor"":true,""linkImage"":false}}]";;TyG6NiG6BY1gSpezn48E;;Одежная;Овчина;;;Синий;Арт-PERFORATED;1;"7-8 фут2";0.7-0.8;;"Натуральное крошение";;;;;;Турция;;0;0;0;0;FOT;1;https://ozelifkoja.ru/odejnayakozha/tproduct/161612497932-perforated-dblue
645022747882;;;;;"Perforated D.Blue - фут2 - Оттенок синего";;;;5.00;;;"Единица измерения:фут2;Оттенок цвета:Оттенок синего #0938f0";;90iGFSHF1UstM3Mr2088;161612497932;;;;;;;;;;;;;;;;;;;0;0;0;0;;;https://ozelifkoja.ru/odejnayakozha/tproduct/161612497932-perforated-dblue?editionuid=645022747882
657088522022;;;;;"Perforated D.Blue - дм2 - Оттенок синего";;;;0.53;;;"Единица измерения:дм2;Оттенок цвета:Оттенок синего #0938f0";;197erCccfVazjA0aIDb1;161612497932;;;;;;;;;;;;;;;;;;;0;0;0;0;;;https://ozelifkoja.ru/odejnayakozha/tproduct/161612497932-perforated-dblue?editionuid=657088522022
757723600412;;;;"Одежная;Одежная / Фактурная";"Chelsea Pink";;;https://static.tildacdn.com/stor6535-6266-4166-a261-303663353262/18103919.jpg;;;;"product_options:[{""title"":""Единица измерения"",""params"":{""view"":""buttons"",""hasColor"":false,""linkImage"":false}},{""title"":""Оттенок цвета"",""params"":{""view"":""buttons"",""hasColor"":true,""linkImage"":false}}]";;d50gtv5G34B2nuufAbVj;;Одежная;Овчина;;;Розовый;Арт-CHELSEAPINK;1;"5-6 фут";0.8-0.9;;;;;;;;Африка;;0;0;0;0;FOT;1;https://ozelifkoja.ru/odejnayakozha/tproduct/757723600412-chelsea-pink
246600932242;;;;;"Chelsea Pink - фут2 - Оттенок розового";;;;5.00;;;"Единица измерения:фут2;Оттенок цвета:Оттенок розового #d65656";;8HgxFHiSgoAo7u6lloRz;757723600412;;;;;;;;;;;;;;;;;;;0;0;0;0;;;https://ozelifkoja.ru/odejnayakozha/tproduct/757723600412-chelsea-pink?editionuid=246600932242
509587330982;;;;;"Chelsea Pink - дм2 - Оттенок розового";;;;0.53;;;"Единица измерения:дм2;Оттенок цвета:Оттенок розового #d65656";;3FxKVYUt2cgRS5Fym5cO;757723600412;;;;;;;;;;;;;;;;;;;0;0;0;0;;;https://ozelifkoja.ru/odejnayakozha/tproduct/757723600412-chelsea-pink?editionuid=509587330982
532501036052;;;;"Одежная;Одежная / Фактурная";"Chelsea Beige";;;https://static.tildacdn.com/stor3062-3461-4631-b035-653132653630/59030611.jpg;;;;"product_options:[{""title"":""Единица измерения"",""params"":{""view"":""buttons"",""hasColor"":false,""linkImage"":false}},{""title"":""Оттенок цвета"",""params"":{""view"":""buttons"",""hasColor"":true,""linkImage"":false}}]";;uE2fe2xvsmHDEJGKlkey;;Одежная;Овчина;;;Бежевый;Арт-CHELSEABEIGE;1;"5-6 фут";0.8-0.9;;;;;;;;Африка;;0;0;0;0;FOT;1;https://ozelifkoja.ru/odejnayakozha/tproduct/532501036052-chelsea-beige
864927952272;;;;;"Chelsea Beige - фут2 - Оттенок бежевого";;;;5.00;;;"Единица измерения:фут2;Оттенок цвета:Оттенок бежевого #d4b088";;XCcBIrOg12tt0X8Fpfru;532501036052;;;;;;;;;;;;;;;;;;;0;0;0;0;;;https://ozelifkoja.ru/odejnayakozha/tproduct/532501036052-chelsea-beige?editionuid=864927952272
965513635522;;;;;"Chelsea Beige - дм2 - Оттенок бежевого";;;;0.53;;;"Единица измерения:дм2;Оттенок цвета:Оттенок бежевого #d4b088";;S1XbLC3XYp1iL7L7sYYK;532501036052;;;;;;;;;;;;;;;;;;;0;0;0;0;;;https://ozelifkoja.ru/odejnayakozha/tproduct/532501036052-chelsea-beige?editionuid=965513635522
974242915272;;;;"Одежная;Одежная / Фактурная";"Chelsea Grey";;;https://static.tildacdn.com/stor6564-6461-4237-b837-626365333262/83683695.jpg;;;;"product_options:[{""title"":""Единица измерения"",""params"":{""view"":""buttons"",""hasColor"":false,""linkImage"":false}},{""title"":""Оттенок цвета"",""params"":{""view"":""buttons"",""hasColor"":true,""linkImage"":false}}]";;hHbVIa34eJra6yaDezx8;;Одежная;Овчина;;;Серый;Арт-CHELSEAGREY;1;"5-6 фут";0.8-0.9;;;;;;;;Африка;;0;0;0;0;FOT;1;https://ozelifkoja.ru/odejnayakozha/tproduct/974242915272-chelsea-grey
882540191102;;;;;"Chelsea Grey - фут2 - Оттенок серого";;;;5.00;;;"Единица измерения:фут2;Оттенок цвета:Оттенок серого #9e9898";;HkMcnj0r6880pVmu1DD5;974242915272;;;;;;;;;;;;;;;;;;;0;0;0;0;;;https://ozelifkoja.ru/odejnayakozha/tproduct/974242915272-chelsea-grey?editionuid=882540191102
169149960012;;;;;"Chelsea Grey - дм2 - Оттенок серого";;;;0.53;;;"Единица измерения:дм2;Оттенок цвета:Оттенок серого #9e9898";;YlHTFXdMhpOos2Jo9vIA;974242915272;;;;;;;;;;;;;;;;;;;0;0;0;0;;;https://ozelifkoja.ru/odejnayakozha/tproduct/974242915272-chelsea-grey?editionuid=169149960012
672368161842;;;;"Одежная;Одежная / Фактурная";"Chelsea Black";;;https://static.tildacdn.com/stor3064-3064-4330-b838-616636333861/32120787.jpg;;;;"product_options:[{""title"":""Единица измерения"",""params"":{""view"":""buttons"",""hasColor"":false,""linkImage"":false}},{""title"":""Оттенок цвета"",""params"":{""view"":""buttons"",""hasColor"":true,""linkImage"":false}}]";;ay59fY8D89fAbZkRVupE;;Одежная;Овчина;;;Черный;Арт-CHELSEABLACK;1;"5-6 фут";0.8-0.9;;;;;;;;Африка;;0;0;0;0;FOT;1;https://ozelifkoja.ru/odejnayakozha/tproduct/672368161842-chelsea-black
253793507122;;;;;"Chelsea Black - фут2 - Оттенок черного";;;;5.00;;;"Единица измерения:фут2;Оттенок цвета:Оттенок черного #000000";;AbGSJ15fbpeebPb7uL0S;672368161842;;;;;;;;;;;;;;;;;;;0;0;0;0;;;https://ozelifkoja.ru/odejnayakozha/tproduct/672368161842-chelsea-black?editionuid=253793507122
762419737012;;;;;"Chelsea Black - дм2 - Оттенок черного";;;;0.53;;;"Единица измерения:дм2;Оттенок цвета:Оттенок черного #000000";;rVbXC7AEFXdvxbNLUCOU;672368161842;;;;;;;;;;;;;;;;;;;0;0;0;0;;;https://ozelifkoja.ru/odejnayakozha/tproduct/672368161842-chelsea-black?editionuid=762419737012
589864436962;;;;"Одежная;Одежная / Гладкая";"Vegetale Brown";;;https://static.tildacdn.com/stor3466-6631-4334-a135-383564343933/83483891.jpg;;;;"product_options:[{""title"":""Единица измерения"",""params"":{""view"":""buttons"",""hasColor"":false,""linkImage"":false}},{""title"":""Оттенок цвета"",""params"":{""view"":""buttons"",""hasColor"":true,""linkImage"":false}}]";;OCGLzCzgHXynRoCZKAB0;;Одежная;Овчина;;;Коричневый;Арт-VEGETALEBROWN;1;"7-8 фут2";0.7-0.8;;"Натуральное крошение";;;;;;Турция;;0;0;0;0;FOT;1;https://ozelifkoja.ru/odejnayakozha/tproduct/589864436962-vegetale-brown
750528224392;;;;;"Vegetale Brown - фут2 - Оттенок коричневого";;;;5.00;;;"Единица измерения:фут2;Оттенок цвета:Оттенок коричневого #6e3b12";;UfjTF0SrUxUcuhSL05pm;589864436962;;;;;;;;;;;;;;;;;;;0;0;0;0;;;https://ozelifkoja.ru/odejnayakozha/tproduct/589864436962-vegetale-brown?editionuid=750528224392
305931635772;;;;;"Vegetale Brown - дм2 - Оттенок коричневого";;;;0.53;;;"Единица измерения:дм2;Оттенок цвета:Оттенок коричневого #6e3b12";;ZYUvKNrNKM8ehUXoMSrG;589864436962;;;;;;;;;;;;;;;;;;;0;0;0;0;;;https://ozelifkoja.ru/odejnayakozha/tproduct/589864436962-vegetale-brown?editionuid=305931635772
431965052732;;;;"Дубленочный;Дубленка / Керли;Новинки";"Дубленочный материал Кёрли ""Eskitme Grey""";;"Тип сырья: Овчина Керли";https://static.tildacdn.com/stor6462-3232-4237-a131-636130386136/46897459.jpg;;;;"product_options:[{""title"":""Единица измерения"",""params"":{""view"":""buttons"",""hasColor"":false,""linkImage"":false}},{""title"":""Оттенок цвета"",""params"":{""view"":""buttons"",""hasColor"":true,""linkImage"":false}}]";;RDuCfpP47hKM2GBYglnc;;Одежная;Овчина;Дубленка;;Коричневый;;;"6-7 фут2";;;;;;;;;Испания;;0;0;0;0;;0;https://ozelifkoja.ru/dublyonka/tproduct/431965052732-dublenochnii-material-kyorli-eskitme-gre
269981959592;;;;;"Дубленочный материал Кёрли ""Eskitme Grey"" - дм2 - Оттенок коричневого";;;;1.40;;;"Единица измерения:дм2;Оттенок цвета:Оттенок коричневого #6e3b12";;TE0RgUFdEU4IrKxblSek;431965052732;;;;;;;;;;;;;;;;;;;0;0;0;0;;;https://ozelifkoja.ru/dublyonka/tproduct/431965052732-dublenochnii-material-kyorli-eskitme-gre?editionuid=269981959592
128106805932;;;;;"Дубленочный материал Кёрли ""Eskitme Grey"" - фут2 - Оттенок коричневого";;;;13.00;;;"Единица измерения:фут2;Оттенок цвета:Оттенок коричневого #6e3b12";;pFb7R0dxddvDDR77EKBs;431965052732;;;;;;;;;;;;;;;;;;;0;0;0;0;;;https://ozelifkoja.ru/dublyonka/tproduct/431965052732-dublenochnii-material-kyorli-eskitme-gre?editionuid=128106805932
266962598932;;;;"Дубленочный;Дубленка / Керли;Новинки";"Дубленочный материал Кёрли ""Crack&amp;Black""";;;https://static.tildacdn.com/stor3162-3766-4131-b063-316564366262/46277465.jpg;;;;"product_options:[{""title"":""Единица измерения"",""params"":{""view"":""buttons"",""hasColor"":false,""linkImage"":false}},{""title"":""Оттенок цвета"",""params"":{""view"":""buttons"",""hasColor"":true,""linkImage"":false}}]";;OEEJ6yLXilp1f0Tl1r2e;;Одежная;Овчина;Дубленка;;Чёрный;;;"6-7 фут2";;;Кожа;;;;;;Испания;;0;0;0;0;FOT;1;https://ozelifkoja.ru/dublyonka/tproduct/266962598932-dublenochnii-material-kyorli-crackampbla
341502562652;;;;;"Дубленочный материал Кёрли ""Crack&amp;Black"" - фут2 - Оттенок черного";;;;7.00;;;"Единица измерения:фут2;Оттенок цвета:Оттенок черного #000000";;x4xTeDi2fTiGPfOhrLDN;266962598932;;;;;;;;;;;;;;;;;;;0;0;0;0;;;https://ozelifkoja.ru/dublyonka/tproduct/266962598932-dublenochnii-material-kyorli-crackampbla?editionuid=341502562652
333834441872;;;;;"Дубленочный материал Кёрли ""Crack&amp;Black"" - дм2 - Оттенок черного";;;;0.75;;;"Единица измерения:дм2;Оттенок цвета:Оттенок черного #000000";;15eUc0JB2ph6dnF7r6mj;266962598932;;;;;;;;;;;;;;;;;;;0;0;0;0;;;https://ozelifkoja.ru/dublyonka/tproduct/266962598932-dublenochnii-material-kyorli-crackampbla?editionuid=333834441872
463601248272;;;;"Одежная;Одежная / Гладкая";"Full Vegetale G.Black";;;https://static.tildacdn.com/stor3839-6461-4932-b433-643762306162/42213464.jpg;;;;"product_options:[{""title"":""Единица измерения"",""params"":{""view"":""buttons"",""hasColor"":false,""linkImage"":false}},{""title"":""Оттенок цвета"",""params"":{""view"":""buttons"",""hasColor"":true,""linkImage"":false}}]";;J4iVCYXzf8lfbRlZ2on2;;Одежная;Овчина;;;Чёрный;Арт-VEGETALEBLACK;1;"6-7 фут2";0.7-0.8;;"Натуральное крошение";;;;;;Турция;;0;0;0;0;FOT;1;https://ozelifkoja.ru/odejnayakozha/tproduct/463601248272-full-vegetale-gblack
569968768272;;;;;"Full Vegetale G.Black - Оттенок черного";;;;5.00;;;"Единица измерения:;Оттенок цвета:Оттенок черного #000000";;um3HpBORu9JEsAvyGiir;463601248272;;;;;;;;;;;;;;;;;;;0;0;0;0;;;https://ozelifkoja.ru/odejnayakozha/tproduct/463601248272-full-vegetale-gblack?editionuid=569968768272
252950658132;;;;;"Full Vegetale G.Black - Оттенок черного";;;;0.53;;;"Единица измерения:;Оттенок цвета:Оттенок черного #000000";;NCM6Ezm5fGmZ8RCIcyu8;463601248272;;;;;;;;;;;;;;;;;;;0;0;0;0;;;https://ozelifkoja.ru/odejnayakozha/tproduct/463601248272-full-vegetale-gblack?editionuid=252950658132
287830179972;;;;"Одежная;Одежная / Гладкая";"Nappa Soft Brown";;;https://static.tildacdn.com/stor6361-3334-4766-b462-663232336330/90504414.jpg;;;;"product_options:[{""title"":""Единица измерения"",""params"":{""view"":""buttons"",""hasColor"":false,""linkImage"":false}},{""title"":""Оттенок цвета"",""params"":{""view"":""buttons"",""hasColor"":true,""linkImage"":false}}]";;i2MBnnYrTpyyCXaeYbYu;;Одежная;Овчина;;;Коричневый;Арт-SOFTBROWN;1;"6-7 фут";0.7-0.8;;;;;;;;Африка;;0;0;0;0;FOT;1;https://ozelifkoja.ru/odejnayakozha/tproduct/287830179972-nappa-soft-brown
445457253782;;;;;"Nappa Soft Brown - фут2 - Оттенок коричневого";;;;4.50;;;"Единица измерения:фут2;Оттенок цвета:Оттенок коричневого #6e3b12";;d3jP8Fkf1mDVmSKr4EM1;287830179972;;;;;;;;;;;;;;;;;;;0;0;0;0;;;https://ozelifkoja.ru/odejnayakozha/tproduct/287830179972-nappa-soft-brown?editionuid=445457253782
820572482912;;;;;"Nappa Soft Brown - дм2 - Оттенок коричневого";;;;0.48;;;"Единица измерения:дм2;Оттенок цвета:Оттенок коричневого #6e3b12";;cys6hP6nh6AalB3TDE8u;287830179972;;;;;;;;;;;;;;;;;;;0;0;0;0;;;https://ozelifkoja.ru/odejnayakozha/tproduct/287830179972-nappa-soft-brown?editionuid=820572482912
256916625932;;;;"Замша;Замша / Гладкая";"Suede Marocco Green";;;https://static.tildacdn.com/stor6365-3531-4239-b463-373137386530/12983068.jpg;;;;"product_options:[{""title"":""Единица измерения"",""params"":{""view"":""buttons"",""hasColor"":false,""linkImage"":false}},{""title"":""Оттенок цвета"",""params"":{""view"":""buttons"",""hasColor"":true,""linkImage"":false}}]";;Hs99TGys3eb1zjeCiO6J;;Одежная;Овчина;Замша;;Оливковый;;;"5-6 фут2";0.8-0.9;;;;;;;;Турция;;0;0;0;0;FOT;1;https://ozelifkoja.ru/zamsha/tproduct/256916625932-suede-marocco-green
634398783342;;;;;"Suede Marocco Green - фут2 - Оттенок оливкового";;;;4.50;;;"Единица измерения:фут2;Оттенок цвета:Оттенок оливкового #414d12";;bVfvDkoHFlvLvhjdlfAU;256916625932;;;;;;;;;;;;;;;;;;;0;0;0;0;;;https://ozelifkoja.ru/zamsha/tproduct/256916625932-suede-marocco-green?editionuid=634398783342
233019554272;;;;;"Suede Marocco Green - дм2 - Оттенок оливкового";;;;0.48;;;"Единица измерения:дм2;Оттенок цвета:Оттенок оливкового #414d12";;gTj9rKh0cJT5seIkv1YC;256916625932;;;;;;;;;;;;;;;;;;;0;0;0;0;;;https://ozelifkoja.ru/zamsha/tproduct/256916625932-suede-marocco-green?editionuid=233019554272
630571147522;;;;"Дубленочный;Дубленка / Меринос;Распродажа";"Дубленочный материал Меринос ""Mint""";;;https://static.tildacdn.com/stor3639-3033-4466-a339-623062386336/50353000.jpg;;;;"product_options:[{""title"":""Единица измерения"",""params"":{""view"":""buttons"",""hasColor"":false,""linkImage"":false}},{""title"":""Оттенок цвета"",""params"":{""view"":""buttons"",""hasColor"":true,""linkImage"":false}}]";;m36KvxpDFXVCEnAVODYh;;Одежная;Овчина;Дубленка;;Чёрный;;;"7-8 фут2";;;;;;;;;Турция;;0;0;0;0;FOT;1;https://ozelifkoja.ru/dublyonka/tproduct/630571147522-dublenochnii-material-merinos-mint
613827926992;;;;;"Дубленочный материал Меринос ""Mint"" - фут2 - Оттенок зеленого";;;;7.00;;7;"Единица измерения:фут2;Оттенок цвета:Оттенок зеленого #028a34";;yYuvzsk88pEZlZjjfLiX;630571147522;;;;;;;;;;;;;;;;;;;0;0;0;0;;;https://ozelifkoja.ru/dublyonka/tproduct/630571147522-dublenochnii-material-merinos-mint?editionuid=613827926992
409405509782;;;;;"Дубленочный материал Меринос ""Mint"" - дм2 - Оттенок зеленого";;;;0.75;;0.75;"Единица измерения:дм2;Оттенок цвета:Оттенок зеленого #028a34";;fPP5kHgn3o6HBrO5PnCC;630571147522;;;;;;;;;;;;;;;;;;;0;0;0;0;;;https://ozelifkoja.ru/dublyonka/tproduct/630571147522-dublenochnii-material-merinos-mint?editionuid=409405509782
401467042172;;;;"Дубленочный;Дубленка / Меринос;Распродажа";"Дубленочный материал Меринос ""Black""";;;https://static.tildacdn.com/stor3631-3463-4637-b730-323733333262/52828148.jpg;;;;"product_options:[{""title"":""Единица измерения"",""params"":{""view"":""buttons"",""hasColor"":false,""linkImage"":false}},{""title"":""Оттенок цвета"",""params"":{""view"":""buttons"",""hasColor"":true,""linkImage"":false}}]";;daPad9dialK3C6CNoiO2;;Одежная;Овчина;Дубленка;;Синий;;;"7-8 фут2";;;Кожа;;;;;;Турция;;0;0;0;0;FOT;1;https://ozelifkoja.ru/dublyonka/tproduct/401467042172-dublenochnii-material-merinos-black
886595508262;;;;;"Дубленочный материал Меринос ""Black"" - фут2 - Оттенок черного";;;;9.00;;10;"Единица измерения:фут2;Оттенок цвета:Оттенок черного #000000";;5ZORX05MY7D3XZCeZoJH;401467042172;;;;;;;;;;;;;;;;;;;0;0;0;0;;;https://ozelifkoja.ru/dublyonka/tproduct/401467042172-dublenochnii-material-merinos-black?editionuid=886595508262
608749863092;;;;;"Дубленочный материал Меринос ""Black"" - дм2 - Оттенок черного";;;;0.97;;1.07;"Единица измерения:дм2;Оттенок цвета:Оттенок черного #000000";;Y2MMT5IoHaoBj5uz70sy;401467042172;;;;;;;;;;;;;;;;;;;0;0;0;0;;;https://ozelifkoja.ru/dublyonka/tproduct/401467042172-dublenochnii-material-merinos-black?editionuid=608749863092
719931805972;;;;"Дубленочный;Дубленка / Керли;Новинки";"Дубленочный материал Кёрли ""Beige&amp;Suede""";;;https://static.tildacdn.com/stor3136-3239-4163-b261-626165656261/74796759.jpg;;;;"product_options:[{""title"":""Единица измерения"",""params"":{""view"":""buttons"",""hasColor"":false,""linkImage"":false}},{""title"":""Оттенок цвета"",""params"":{""view"":""buttons"",""hasColor"":true,""linkImage"":false}}]";;A1HhuLMMiN99vAKiOask;;Одежная;Овчина;Дубленка;;Бежевый;;;"6-7 фут2";;;Замша;;;;;;Испания;;0;0;0;0;FOT;1;https://ozelifkoja.ru/dublyonka/tproduct/719931805972-dublenochnii-material-kyorli-beigeampsue
773841525252;;;;;"Дубленочный материал Кёрли ""Beige&amp;Suede"" - фут2 - Оттенок бежевого";;;;13.00;;;"Единица измерения:фут2;Оттенок цвета:Оттенок бежевого #d4b088";;tfiP72VMdA967PCRfGGZ;719931805972;;;;;;;;;;;;;;;;;;;0;0;0;0;;;https://ozelifkoja.ru/dublyonka/tproduct/719931805972-dublenochnii-material-kyorli-beigeampsue?editionuid=773841525252
741730173562;;;;;"Дубленочный материал Кёрли ""Beige&amp;Suede"" - дм2 - Оттенок бежевого";;;;1.40;;;"Единица измерения:дм2;Оттенок цвета:Оттенок бежевого #d4b088";;yJ5TPfF5c0Ce5ssaLaLr;719931805972;;;;;;;;;;;;;;;;;;;0;0;0;0;;;https://ozelifkoja.ru/dublyonka/tproduct/719931805972-dublenochnii-material-kyorli-beigeampsue?editionuid=741730173562
195465221062;;;;"Замша;Замша / Гладкая";"Suede Taba";;;https://static.tildacdn.com/stor6664-6465-4666-a537-626166626636/42475437.jpg;;;;"product_options:[{""title"":""Единица измерения"",""params"":{""view"":""buttons"",""hasColor"":false,""linkImage"":false}},{""title"":""Оттенок цвета"",""params"":{""view"":""buttons"",""hasColor"":true,""linkImage"":false}}]";;go69p6A4uXNOt6jskEyP;;Одежная;Овчина;Замша;;Коричневый;;;"5-6 фут2";0.6-0.7;;;;;;;;Африка;;0;0;0;0;FOT;1;https://ozelifkoja.ru/zamsha/tproduct/195465221062-suede-taba
724136270572;;;;;"Suede Taba - фут2 - Оттенок коричневого";;;;5.50;;;"Единица измерения:фут2;Оттенок цвета:Оттенок коричневого #6e3b12";;xyLLyGy0JmcckCbY77V8;195465221062;;;;;;;;;;;;;;;;;;;0;0;0;0;;;https://ozelifkoja.ru/zamsha/tproduct/195465221062-suede-taba?editionuid=724136270572
603012490622;;;;;"Suede Taba - дм2 - Оттенок коричневого";;;;0.59;;;"Единица измерения:дм2;Оттенок цвета:Оттенок коричневого #6e3b12";;Zx3hEddBfOaOMxr4V21k;195465221062;;;;;;;;;;;;;;;;;;;0;0;0;0;;;https://ozelifkoja.ru/zamsha/tproduct/195465221062-suede-taba?editionuid=603012490622
732190636682;;;;"Замша;Замша / Гладкая";"Suede Funduk";;;https://static.tildacdn.com/stor6238-3039-4263-b564-613965393961/91101810.jpg;;;;"product_options:[{""title"":""Единица измерения"",""params"":{""view"":""buttons"",""hasColor"":false,""linkImage"":false}},{""title"":""Оттенок цвета"",""params"":{""view"":""buttons"",""hasColor"":true,""linkImage"":false}}]";;GFcNfy8bm5TIs0G1AXNv;;Одежная;Овчина;Замша;;Коричневый;;;"5-6 фут2";0.6-0.7;;;;;;;;Африка;;0;0;0;0;FOT;1;https://ozelifkoja.ru/zamsha/tproduct/732190636682-suede-funduk
570472727912;;;;;"Suede Funduk - фут2 - Оттенок коричневого";;;;5.50;;;"Единица измерения:фут2;Оттенок цвета:Оттенок коричневого #6e3b12";;dViHfzr30BmbRtDz1ANL;732190636682;;;;;;;;;;;;;;;;;;;0;0;0;0;;;https://ozelifkoja.ru/zamsha/tproduct/732190636682-suede-funduk?editionuid=570472727912
885977310962;;;;;"Suede Funduk - дм2 - Оттенок коричневого";;;;0.59;;;"Единица измерения:дм2;Оттенок цвета:Оттенок коричневого #6e3b12";;153KLbTguD7EYaNY03FO;732190636682;;;;;;;;;;;;;;;;;;;0;0;0;0;;;https://ozelifkoja.ru/zamsha/tproduct/732190636682-suede-funduk?editionuid=885977310962
388666850642;;;;"Замша;Замша / Гладкая";"Suede Red";;;https://static.tildacdn.com/stor6432-6139-4632-b566-386532383137/52595380.jpg;;;;"product_options:[{""title"":""Единица измерения"",""params"":{""view"":""buttons"",""hasColor"":false,""linkImage"":false}},{""title"":""Оттенок цвета"",""params"":{""view"":""buttons"",""hasColor"":true,""linkImage"":false}}]";;8Mb5KtSBKU4l70s1mthY;;Одежная;Овчина;Замша;;Красный;;;"5-6 фут2";0.6-0.7;;;;;;;;Африка;;0;0;0;0;FOT;1;https://ozelifkoja.ru/zamsha/tproduct/388666850642-suede-red
518663224792;;;;;"Suede Red - фут2 - Оттенок красного";;;;5.50;;;"Единица измерения:фут2;Оттенок цвета:Оттенок красного #ff0000";;RgD75pXFNxhmuvyx9AIs;388666850642;;;;;;;;;;;;;;;;;;;0;0;0;0;;;https://ozelifkoja.ru/zamsha/tproduct/388666850642-suede-red?editionuid=518663224792
185613805362;;;;;"Suede Red - дм2 - Оттенок красного";;;;0.59;;;"Единица измерения:дм2;Оттенок цвета:Оттенок красного #ff0000";;bcBapcHoIL8l2Z37i0rp;388666850642;;;;;;;;;;;;;;;;;;;0;0;0;0;;;https://ozelifkoja.ru/zamsha/tproduct/388666850642-suede-red?editionuid=185613805362
474908467202;;;;"Замша;Замша / Гладкая";"Suede Beige";;;https://static.tildacdn.com/stor3431-3334-4335-a335-373335393935/85261226.jpg;;;;"product_options:[{""title"":""Единица измерения"",""params"":{""view"":""buttons"",""hasColor"":false,""linkImage"":false}},{""title"":""Оттенок цвета"",""params"":{""view"":""buttons"",""hasColor"":true,""linkImage"":false}}]";;KTjeFlUI9MiPlmOFfEFf;;Одежная;Овчина;Замша;;Бежевый;;;"5-6 фут2";0.6-0.7;;;;;;;;Африка;;0;0;0;0;FOT;1;https://ozelifkoja.ru/zamsha/tproduct/474908467202-suede-beige
709452179332;;;;;"Suede Beige - фут2 - Оттенок бежевого";;;;5.50;;;"Единица измерения:фут2;Оттенок цвета:Оттенок бежевого #d4b088";;Ybev4BhHxS0ZA2kiYX6v;474908467202;;;;;;;;;;;;;;;;;;;0;0;0;0;;;https://ozelifkoja.ru/zamsha/tproduct/474908467202-suede-beige?editionuid=709452179332
611788884092;;;;;"Suede Beige - дм2 - Оттенок бежевого";;;;0.59;;;"Единица измерения:дм2;Оттенок цвета:Оттенок бежевого #d4b088";;glfJVcHdB3eFSNBc2aAE;474908467202;;;;;;;;;;;;;;;;;;;0;0;0;0;;;https://ozelifkoja.ru/zamsha/tproduct/474908467202-suede-beige?editionuid=611788884092
359179996452;;;;"Замша;Замша / Гладкая";"Suede Purple";;;https://static.tildacdn.com/stor3038-6461-4663-a438-663266373962/37689053.jpg;;;;"product_options:[{""title"":""Единица измерения"",""params"":{""view"":""buttons"",""hasColor"":false,""linkImage"":false}},{""title"":""Оттенок цвета"",""params"":{""view"":""buttons"",""hasColor"":true,""linkImage"":false}}]";;pUSJdl6ppX2SsTRyN9HL;;Одежная;Овчина;Замша;;Фиолетовый;;;"5-6 фут2";0.9-1;;;;;;;;Африка;;0;0;0;0;FOT;1;https://ozelifkoja.ru/zamsha/tproduct/359179996452-suede-purple
980150626002;;;;;"Suede Purple - фут2 - Оттенок фиолетового";;;;5.50;;;"Единица измерения:фут2;Оттенок цвета:Оттенок фиолетового #6b034e";;YbpBgVU4PXtco8JPTbae;359179996452;;;;;;;;;;;;;;;;;;;0;0;0;0;;;https://ozelifkoja.ru/zamsha/tproduct/359179996452-suede-purple?editionuid=980150626002
488213888852;;;;;"Suede Purple - дм2 - Оттенок фиолетового";;;;0.59;;;"Единица измерения:дм2;Оттенок цвета:Оттенок фиолетового #6b034e";;4G5eF6Iu43z2POgEv8hS;359179996452;;;;;;;;;;;;;;;;;;;0;0;0;0;;;https://ozelifkoja.ru/zamsha/tproduct/359179996452-suede-purple?editionuid=488213888852
260524609012;;;;"Замша;Замша / Гладкая";"Suede Navy Blue";;;https://static.tildacdn.com/stor6561-6631-4361-a134-363038356636/71869947.jpg;;;;"product_options:[{""title"":""Единица измерения"",""params"":{""view"":""buttons"",""hasColor"":false,""linkImage"":false}},{""title"":""Оттенок цвета"",""params"":{""view"":""buttons"",""hasColor"":true,""linkImage"":false}}]";;S2YYtcr7KBlnKRfmEuS3;;Одежная;Овчина;Замша;;Синий;;;"5-6 фут2";0.9-1;;;;;;;;Африка;;0;0;0;0;FOT;1;https://ozelifkoja.ru/zamsha/tproduct/260524609012-suede-navy-blue
920213827392;;;;;"Suede Navy Blue - фут2 - Оттенок синего";;;;5.50;;;"Единица измерения:фут2;Оттенок цвета:Оттенок синего #0938f0";;3yJN4x6rhh06O4rdvk7y;260524609012;;;;;;;;;;;;;;;;;;;0;0;0;0;;;https://ozelifkoja.ru/zamsha/tproduct/260524609012-suede-navy-blue?editionuid=920213827392
450928296592;;;;;"Suede Navy Blue - дм2 - Оттенок синего";;;;0.59;;;"Единица измерения:дм2;Оттенок цвета:Оттенок синего #0938f0";;3AsnzLhbsfYRnXoC3Cra;260524609012;;;;;;;;;;;;;;;;;;;0;0;0;0;;;https://ozelifkoja.ru/zamsha/tproduct/260524609012-suede-navy-blue?editionuid=450928296592
837612327422;;;;"Замша;Замша / Гладкая";"Suede Grey";;;https://static.tildacdn.com/stor3636-3466-4363-b035-613032343733/31437544.jpg;;;;"product_options:[{""title"":""Единица измерения"",""params"":{""view"":""buttons"",""hasColor"":false,""linkImage"":false}},{""title"":""Оттенок цвета"",""params"":{""view"":""buttons"",""hasColor"":true,""linkImage"":false}}]";;aipokymdfLj60unxfMzJ;;Одежная;Овчина;Замша;;Серый;;;"5-6 фут2";0.9-1;;;;;;;;Африка;;0;0;0;0;FOT;1;https://ozelifkoja.ru/zamsha/tproduct/837612327422-suede-grey
706649246332;;;;;"Suede Grey - фут2 - Оттенок серого";;;;5.50;;;"Единица измерения:фут2;Оттенок цвета:Оттенок серого #9e9898";;1FOr48PB10UGzjEHJsOS;837612327422;;;;;;;;;;;;;;;;;;;0;0;0;0;;;https://ozelifkoja.ru/zamsha/tproduct/837612327422-suede-grey?editionuid=706649246332
268078958752;;;;;"Suede Grey - дм2 - Оттенок серого";;;;0.59;;;"Единица измерения:дм2;Оттенок цвета:Оттенок серого #9e9898";;2g96kNkl25f6IEtlmNJ4;837612327422;;;;;;;;;;;;;;;;;;;0;0;0;0;;;https://ozelifkoja.ru/zamsha/tproduct/837612327422-suede-grey?editionuid=268078958752
145892231632;;;;"Фурнитура / Молнии;Фурнитура";"Молния YKK 75 см,латунь";;;"https://static.tildacdn.com/stor3234-3635-4165-b565-613463623966/15705427.jpg https://static.tildacdn.com/stor3061-6661-4835-a630-306430613139/78925294.jpg";;;;"product_options:[{""title"":""Оттенок цвета"",""params"":{""view"":""buttons"",""hasColor"":true,""linkImage"":false}}]";;7z9hDMkMhlNTjSYe2El8;;;;;1;;;;;;Япония;;8;разъемная,1замок;Черный;Латунь;"75 см";;;0;0;0;0;PCE;1;https://ozelifkoja.ru/furnitura/tproduct/145892231632-molniya-ykk-75-smlatun
174873430162;;;;;"Молния YKK 75 см,латунь - Оттенок черного";;;;13.00;;;"Оттенок цвета:Оттенок черного #000000";;6sYiRRgGnj8gh8xcnXuT;145892231632;;;;;;;;;;;;;;;;;;;0;0;0;0;;;https://ozelifkoja.ru/furnitura/tproduct/145892231632-molniya-ykk-75-smlatun?editionuid=174873430162
430427505372;;;;"Фурнитура / Молнии;Фурнитура";"Молния Inox 18 см,светлый никель";;;https://static.tildacdn.com/stor3762-3036-4463-b334-343830303035/57613903.jpg;;;;"product_options:[{""title"":""Оттенок цвета"",""params"":{""view"":""buttons"",""hasColor"":true,""linkImage"":false}}]";;24mBT63OS2ObaFIhFoH9;;;;;1;;;;;;ТУРЦИЯ;;8;разъемная,1замок;Черный;"Светлый никель";"18 см";;;0;0;0;0;PCE;1;https://ozelifkoja.ru/furnitura/tproduct/430427505372-molniya-inox-18-smsvetlii-nikel
729383528762;;;;;"Молния Inox 18 см,светлый никель - Оттенок черного";;;;6.00;;;"Оттенок цвета:Оттенок черного #000000";;8ZjtVJ4Hy1BIrUABXjtd;430427505372;;;;;;;;;;;;;;;;;;;0;0;0;0;;;https://ozelifkoja.ru/furnitura/tproduct/430427505372-molniya-inox-18-smsvetlii-nikel?editionuid=729383528762
466039704042;;;;"Фурнитура / Молнии;Фурнитура";"Молния YKK 18 см,тёмный никель";;;https://static.tildacdn.com/stor3865-3639-4631-b331-366635316161/34079733.jpg;;;;"product_options:[{""title"":""Оттенок цвета"",""params"":{""view"":""buttons"",""hasColor"":true,""linkImage"":false}}]";;gX9Z43afuIM8DvXMebyK;;;;;1;;;;;;Япония;;8;разъемная,1замок;Бежевый;"Тёмный никель";"18 см";;;0;0;0;0;PCE;1;https://ozelifkoja.ru/furnitura/tproduct/466039704042-molniya-ykk-18-smtyomnii-nikel
405400798772;;;;;"Молния YKK 18 см,тёмный никель - Оттенок бежевого";;;;6.00;;;"Оттенок цвета:Оттенок бежевого #d4b088";;TtO7uLnD2xYGLcEDmiCH;466039704042;;;;;;;;;;;;;;;;;;;0;0;0;0;;;https://ozelifkoja.ru/furnitura/tproduct/466039704042-molniya-ykk-18-smtyomnii-nikel?editionuid=405400798772
727842353882;;;;"Фурнитура;Фурнитура / Кнопки";"Кнопки YKK округленные,светлый никель";;;"https://static.tildacdn.com/stor3634-6561-4532-b139-323864376634/65818700.jpg https://static.tildacdn.com/stor6163-6334-4363-b536-666638356239/38655833.jpg";;;;"product_options:[{""title"":""Оттенок цвета"",""params"":{""view"":""buttons"",""hasColor"":true,""linkImage"":false}}]";;TFk68sb3ga90bddhU6zo;;;;;20;;;;;;Япония;;;;;"Светлый никель";;;15;0;0;0;0;PCE;1;https://ozelifkoja.ru/furnitura/tproduct/727842353882-knopki-ykk-okruglenniesvetlii-nikel
617897741312;;;;;"Кнопки YKK округленные,светлый никель - Оттенок черного";;;;30.00;20;;"Оттенок цвета:Оттенок черного #000000";;yPZssLDbpDnjzZGRXuek;727842353882;;;;;;;;;;;;;;;;;;;0;0;0;0;;;https://ozelifkoja.ru/furnitura/tproduct/727842353882-knopki-ykk-okruglenniesvetlii-nikel?editionuid=617897741312
261950592552;;;;"Фурнитура / Молнии;Фурнитура";"Молния YKK 75 см,тёмный никель";;;"https://static.tildacdn.com/stor3638-3632-4038-b162-346465643635/74051138.jpg https://static.tildacdn.com/stor3962-6464-4464-b634-373264313839/95362917.jpg";;;;"product_options:[{""title"":""Оттенок цвета"",""params"":{""view"":""buttons"",""hasColor"":true,""linkImage"":false}}]";;pKFrb7POiTo3pHKgCJ6i;;;;;1;;;;;;Япония;;8;разъемная,1замок;Бежевый;"Тёмный никель";"75 см";;;0;0;0;0;PCE;1;https://ozelifkoja.ru/furnitura/tproduct/261950592552-molniya-ykk-75-smtyomnii-nikel
845403586852;;;;;"Молния YKK 75 см,тёмный никель - Оттенок бежевого";;;;13.00;;;"Оттенок цвета:Оттенок бежевого #d4b088";;AO4A218JbNzrkFuk4JZr;261950592552;;;;;;;;;;;;;;;;;;;0;0;0;0;;;https://ozelifkoja.ru/furnitura/tproduct/261950592552-molniya-ykk-75-smtyomnii-nikel?editionuid=845403586852
731755138242;;;;"Фурнитура / Молнии;Фурнитура";"Молния YKK 18 см,латунь";;;https://static.tildacdn.com/stor6530-6639-4235-b365-666533333936/61756672.jpg;;;;"product_options:[{""title"":""Оттенок цвета"",""params"":{""view"":""buttons"",""hasColor"":true,""linkImage"":false}}]";;cR3rLoCyVvSJzIAIys9j;;;;;1;;;;;;Япония;;8;разъемная,1замок;Черный;Латунь;"18 см";;;0;0;0;0;PCE;1;https://ozelifkoja.ru/furnitura/tproduct/731755138242-molniya-ykk-18-smlatun
115671702612;;;;;"Молния YKK 18 см,латунь - Оттенок черного";;;;6.00;;;"Оттенок цвета:Оттенок черного #000000";;mgZ9R3xYHxnsNgvx7p3e;731755138242;;;;;;;;;;;;;;;;;;;0;0;0;0;;;https://ozelifkoja.ru/furnitura/tproduct/731755138242-molniya-ykk-18-smlatun?editionuid=115671702612
230111089532;;;;"Фурнитура / Молнии;Фурнитура";"Молния YKK 75 см,тёмный никель";;;"https://static.tildacdn.com/stor3662-3233-4431-a433-613031333239/90521848.jpg https://static.tildacdn.com/stor3162-3334-4833-a438-323037373761/84984995.jpg";;;;"product_options:[{""title"":""Оттенок цвета"",""params"":{""view"":""buttons"",""hasColor"":true,""linkImage"":false}}]";;i0aGX6mCS2oaHV43TTOe;;;;;1;;;;;;Япония;;8;разъемная,1замок;Черный;"Тёмный никель";"75 см";;;0;0;0;0;PCE;1;https://ozelifkoja.ru/furnitura/tproduct/230111089532-molniya-ykk-75-smtyomnii-nikel
704860358472;;;;;"Молния YKK 75 см,тёмный никель - Оттенок черного";;;;13.00;;;"Оттенок цвета:Оттенок черного #000000";;UauHMPalYjG5erUMXdbL;230111089532;;;;;;;;;;;;;;;;;;;0;0;0;0;;;https://ozelifkoja.ru/furnitura/tproduct/230111089532-molniya-ykk-75-smtyomnii-nikel?editionuid=704860358472
215893631892;;;;"Фурнитура;Фурнитура / Молнии";"Молния YKK 18 см,чёрный глянец";;;https://static.tildacdn.com/stor6235-3233-4034-b633-623933643965/45078289.jpg;;;;"product_options:[{""title"":""Оттенок цвета"",""params"":{""view"":""buttons"",""hasColor"":true,""linkImage"":false}}]";;VYNO3O0X8nDrT7YaK4P4;;;;;1;;;;;;Япония;;8;разъемная,1замок;Черный;"Черный глянец";"18 см";;;0;0;0;0;PCE;1;https://ozelifkoja.ru/furnitura/tproduct/215893631892-molniya-ykk-18-smchyornii-glyanets
845276655242;;;;;"Молния YKK 18 см,чёрный глянец - Оттенок черного";;;;6.00;;;"Оттенок цвета:Оттенок черного #000000";;9aGy5xOjVfjyFZy8u6bT;215893631892;;;;;;;;;;;;;;;;;;;0;0;0;0;;;https://ozelifkoja.ru/furnitura/tproduct/215893631892-molniya-ykk-18-smchyornii-glyanets?editionuid=845276655242
608459593322;;;;"Фурнитура / Молнии;Фурнитура";"Молния Inox 75 см,светлый никель";;;"https://static.tildacdn.com/stor6139-6538-4233-b262-356334383066/99547052.jpg https://static.tildacdn.com/stor6433-3931-4036-b262-383764633531/63850728.jpg";;;;"product_options:[{""title"":""Оттенок цвета"",""params"":{""view"":""buttons"",""hasColor"":true,""linkImage"":false}}]";;hgviGufKA3h39sTUc2tP;;;;;1;;;;;;ТУРЦИЯ;;8;разъемная,1замок;Черный;"Светлый никель";"75 см";;;0;0;0;0;PCE;1;https://ozelifkoja.ru/furnitura/tproduct/608459593322-molniya-inox-75-smsvetlii-nikel
907551785012;;;;;"Молния Inox 75 см,светлый никель - Оттенок черного";;;;13.00;;;"Оттенок цвета:Оттенок черного #000000";;vkeI6apDeRVHxPAm4NHv;608459593322;;;;;;;;;;;;;;;;;;;0;0;0;0;;;https://ozelifkoja.ru/furnitura/tproduct/608459593322-molniya-inox-75-smsvetlii-nikel?editionuid=907551785012
660438162572;;;;"Фурнитура / Молнии;Фурнитура";"Молния YKK 18 см,латунь";;;https://static.tildacdn.com/stor3265-3439-4963-b563-383136616463/71675274.jpg;;;;"product_options:[{""title"":""Оттенок цвета"",""params"":{""view"":""buttons"",""hasColor"":true,""linkImage"":false}}]";;GNaxj9txUT4spNKG0PlK;;;;;1;;;;;;Япония;;5;разъемная,1замок;Черный;Латунь;"18 см";;;0;0;0;0;PCE;1;https://ozelifkoja.ru/furnitura/tproduct/660438162572-molniya-ykk-18-smlatun
330658181072;;;;;"Молния YKK 18 см,латунь - Оттенок черного";;;;6.00;;;"Оттенок цвета:Оттенок черного #000000";;6Kpo0M9tAvIYGAzAvfZy;660438162572;;;;;;;;;;;;;;;;;;;0;0;0;0;;;https://ozelifkoja.ru/furnitura/tproduct/660438162572-molniya-ykk-18-smlatun?editionuid=330658181072
335015677072;;;;"Фурнитура / Молнии;Фурнитура";"Молния Inox 18 см,тёмный никель";;;https://static.tildacdn.com/stor3439-3661-4738-a431-383562376565/59024692.jpg;;;;"product_options:[{""title"":""Оттенок цвета"",""params"":{""view"":""buttons"",""hasColor"":true,""linkImage"":false}}]";;i8EYcYJ7eZnJZKE1pipN;;;;;1;;;;;;ТУРЦИЯ;;5;разъемная,1замок;Черный;"Тёмный никель";"18 см";;;0;0;0;0;PCE;1;https://ozelifkoja.ru/furnitura/tproduct/335015677072-molniya-inox-18-smtyomnii-nikel
863911338632;;;;;"Молния Inox 18 см,тёмный никель - Оттенок черного";;;;6.00;;;"Оттенок цвета:Оттенок черного #000000";;8XUC66NNnkz9IVJeDs8S;335015677072;;;;;;;;;;;;;;;;;;;0;0;0;0;;;https://ozelifkoja.ru/furnitura/tproduct/335015677072-molniya-inox-18-smtyomnii-nikel?editionuid=863911338632
494593832262;;;;"Фурнитура / Молнии;Фурнитура";"Молния Inox 18 см,латунь";;;https://static.tildacdn.com/stor3036-3035-4632-b134-633538393966/30202940.jpg;;;;"product_options:[{""title"":""Оттенок цвета"",""params"":{""view"":""buttons"",""hasColor"":true,""linkImage"":false}}]";;ANvaPeYv6hJ5RY3NNSgE;;;;;1;;;;;;ТУРЦИЯ;;8;разъемная,1замок;Черный;Латунь;"18 см";;;0;0;0;0;PCE;1;https://ozelifkoja.ru/furnitura/tproduct/494593832262-molniya-inox-18-smlatun
554967276262;;;;;"Молния Inox 18 см,латунь - Оттенок черного";;;;6.00;;;"Оттенок цвета:Оттенок черного #000000";;UoGdSAjp4Gztc39sHNK9;494593832262;;;;;;;;;;;;;;;;;;;0;0;0;0;;;https://ozelifkoja.ru/furnitura/tproduct/494593832262-molniya-inox-18-smlatun?editionuid=554967276262
878018632782;;;;"Фурнитура / Молнии;Фурнитура";"Молния Inox 18 см,тёмный никель";;;https://static.tildacdn.com/stor6635-3165-4331-b933-306637383366/25768827.jpg;;;;"product_options:[{""title"":""Оттенок цвета"",""params"":{""view"":""buttons"",""hasColor"":true,""linkImage"":false}}]";;jBHna7cIUktcyJIitaT3;;;;;1;;;;;;ТУРЦИЯ;;8;разъемная,1замок;Черный;"Тёмный никель";"18 см";;;0;0;0;0;PCE;1;https://ozelifkoja.ru/furnitura/tproduct/878018632782-molniya-inox-18-smtyomnii-nikel
565504740302;;;;;"Молния Inox 18 см,тёмный никель - Оттенок черного";;;;6.00;;;"Оттенок цвета:Оттенок черного #000000";;psnc1nHRlzRVeVJHDfiL;878018632782;;;;;;;;;;;;;;;;;;;0;0;0;0;;;https://ozelifkoja.ru/furnitura/tproduct/878018632782-molniya-inox-18-smtyomnii-nikel?editionuid=565504740302
785959637532;;;;"Фурнитура / Молнии;Фурнитура";"Молния YKK 18 см,светлый никель";;;https://static.tildacdn.com/stor6538-3366-4436-b934-383335663863/34693311.jpg;;;;"product_options:[{""title"":""Оттенок цвета"",""params"":{""view"":""buttons"",""hasColor"":true,""linkImage"":false}}]";;dHvZ2KHVjaSceELOdesK;;;;;1;;;;;;Япония;;8;разъемная,1замок;Черный;"Светлый никель";"18 см";;;0;0;0;0;PCE;1;https://ozelifkoja.ru/furnitura/tproduct/785959637532-molniya-ykk-18-smsvetlii-nikel
191875125662;;;;;"Молния YKK 18 см,светлый никель - Оттенок черного";;;;6.00;;;"Оттенок цвета:Оттенок черного #000000";;egaX4O8tBjPyNrr4X2c2;785959637532;;;;;;;;;;;;;;;;;;;0;0;0;0;;;https://ozelifkoja.ru/furnitura/tproduct/785959637532-molniya-ykk-18-smsvetlii-nikel?editionuid=191875125662
788100064272;;;;"Одежная;Одежная / Винтажная";"Lucas Taba";;;https://static.tildacdn.com/stor3165-3765-4432-a538-386239333866/44708843.jpg;;;;"product_options:[{""title"":""Единица измерения"",""params"":{""view"":""buttons"",""hasColor"":false,""linkImage"":false}},{""title"":""Оттенок цвета"",""params"":{""view"":""buttons"",""hasColor"":true,""linkImage"":false}}]";;btg56NdP9BKo1ps9NUE5;;Одежная;Овчина;;;Коричневый;Арт-LUCASTABA;1;"7-8 фут2";0.8-0.9;;;;;;;;Турция;;0;0;0;0;FOT;1;https://ozelifkoja.ru/odejnayakozha/tproduct/788100064272-lucas-taba
768636920022;;;;;"Lucas Taba - фут2 - Оттенок коричневого";;;;5.00;;;"Единица измерения:фут2;Оттенок цвета:Оттенок коричневого #6e3b12";;ilnl8HxuvC09jZ2zOUd9;788100064272;;;;;;;;;;;;;;;;;;;0;0;0;0;;;https://ozelifkoja.ru/odejnayakozha/tproduct/788100064272-lucas-taba?editionuid=768636920022
626819982602;;;;;"Lucas Taba - дм2 - Оттенок коричневого";;;;0.53;;;"Единица измерения:дм2;Оттенок цвета:Оттенок коричневого #6e3b12";;frs55TYE1t3iRpF0SFZB;788100064272;;;;;;;;;;;;;;;;;;;0;0;0;0;;;https://ozelifkoja.ru/odejnayakozha/tproduct/788100064272-lucas-taba?editionuid=626819982602
681664764022;;;;"Одежная;Одежная / Винтажная";"Lucas Brown";;;https://static.tildacdn.com/stor6362-3538-4933-b434-656537346234/55016542.jpg;;;;"product_options:[{""title"":""Единица измерения"",""params"":{""view"":""buttons"",""hasColor"":false,""linkImage"":false}},{""title"":""Оттенок цвета"",""params"":{""view"":""buttons"",""hasColor"":true,""linkImage"":false}}]";;vg53Iyl4PAt4y1TkK0js;;Одежная;Овчина;;;Коричневый;Арт-LUCASBROWN;1;"7-8 фут2";0.8-0.9;;;;;;;;Турция;;0;0;0;0;FOT;1;https://ozelifkoja.ru/odejnayakozha/tproduct/681664764022-lucas-brown
329323160192;;;;;"Lucas Brown - фут2 - Оттенок коричневого";;;;5.00;;;"Единица измерения:фут2;Оттенок цвета:Оттенок коричневого #6e3b12";;PXolEEt3jKVIOCGukABj;681664764022;;;;;;;;;;;;;;;;;;;0;0;0;0;;;https://ozelifkoja.ru/odejnayakozha/tproduct/681664764022-lucas-brown?editionuid=329323160192
553741454612;;;;;"Lucas Brown - дм2 - Оттенок коричневого";;;;0.53;;;"Единица измерения:дм2;Оттенок цвета:Оттенок коричневого #6e3b12";;Lr1gsi1NKsp03dHgpzz3;681664764022;;;;;;;;;;;;;;;;;;;0;0;0;0;;;https://ozelifkoja.ru/odejnayakozha/tproduct/681664764022-lucas-brown?editionuid=553741454612
382943425552;;;;"Одежная;Одежная / Винтажная";"Miu Vintage";;;https://static.tildacdn.com/stor3862-3565-4739-b364-313164306433/13458056.jpg;;;;"product_options:[{""title"":""Единица измерения"",""params"":{""view"":""buttons"",""hasColor"":false,""linkImage"":false}},{""title"":""Оттенок цвета"",""params"":{""view"":""buttons"",""hasColor"":true,""linkImage"":false}}]";;Hyg2X2uyYVvmB42hgfUa;;Одежная;Овчина;;;Чёрный;Арт-MIUVINTAGE;1;"7-8 фут2";0.8-0.9;;;;;;;;Турция;;0;0;0;0;FOT;1;https://ozelifkoja.ru/odejnayakozha/tproduct/382943425552-miu-vintage
594449358702;;;;;"Miu Vintage - фут2 - Оттенок черного";;;;5.00;;;"Единица измерения:фут2;Оттенок цвета:Оттенок черного #000000";;bAyukVaybt3rpfB2EKj2;382943425552;;;;;;;;;;;;;;;;;;;0;0;0;0;;;https://ozelifkoja.ru/odejnayakozha/tproduct/382943425552-miu-vintage?editionuid=594449358702
385480362932;;;;;"Miu Vintage - дм2 - Оттенок черного";;;;0.53;;;"Единица измерения:дм2;Оттенок цвета:Оттенок черного #000000";;9YcAdy6ZcAGTMx99Zdzn;382943425552;;;;;;;;;;;;;;;;;;;0;0;0;0;;;https://ozelifkoja.ru/odejnayakozha/tproduct/382943425552-miu-vintage?editionuid=385480362932
380315501712;;;;"Одежная;Одежная / Фактурная;Одежная / КРС";"КРС Cracklet";;;https://static.tildacdn.com/stor3365-3163-4163-b061-383161396166/81202147.jpg;;;;"product_options:[{""title"":""Единица измерения"",""params"":{""view"":""buttons"",""hasColor"":false,""linkImage"":false}},{""title"":""Оттенок цвета"",""params"":{""view"":""buttons"",""hasColor"":true,""linkImage"":false}}]";;Ss6taTeurvGAStnITZEb;;Одежная;КРС;;;Синий;Арт-CRACKLET;1;"30-40 фут";0.9-1;;;;;;;;Турция;;0;0;0;0;FOT;1;https://ozelifkoja.ru/odejnayakozha/tproduct/380315501712-krs-cracklet
352024063762;;;;;"КРС Cracklet - фут2 - Оттенок синего";;;;4.50;;;"Единица измерения:фут2;Оттенок цвета:Оттенок синего #0938f0";;HLvRT7eBK1HfJ523EGfS;380315501712;;;;;;;;;;;;;;;;;;;0;0;0;0;;;https://ozelifkoja.ru/odejnayakozha/tproduct/380315501712-krs-cracklet?editionuid=352024063762
134599490442;;;;;"КРС Cracklet - дм2 - Оттенок синего";;;;0.48;;;"Единица измерения:дм2;Оттенок цвета:Оттенок синего #0938f0";;I0bIksINCrJeHyK9oTbu;380315501712;;;;;;;;;;;;;;;;;;;0;0;0;0;;;https://ozelifkoja.ru/odejnayakozha/tproduct/380315501712-krs-cracklet?editionuid=134599490442
436814462402;;;;"Одежная;Одежная / Фактурная;Одежная / КРС";"КРС Corea";;;https://static.tildacdn.com/stor6338-3131-4534-a163-393564643336/75452613.jpg;;;;"product_options:[{""title"":""Единица измерения"",""params"":{""view"":""buttons"",""hasColor"":false,""linkImage"":false}},{""title"":""Оттенок цвета"",""params"":{""view"":""buttons"",""hasColor"":true,""linkImage"":false}}]";;JNeov1IgFjpMzbnd0o01;;Одежная;КРС;;;Синий;Арт-CRACKLET;1;"30-40 фут";0.9-1;;;;;;;;Турция;;0;0;0;0;FOT;1;https://ozelifkoja.ru/odejnayakozha/tproduct/436814462402-krs-corea
914961600602;;;;;"КРС Corea - фут2 - Оттенок синего";;;;4.50;;;"Единица измерения:фут2;Оттенок цвета:Оттенок синего #0938f0";;y99DPeFhuidlG9tBAhUX;436814462402;;;;;;;;;;;;;;;;;;;0;0;0;0;;;https://ozelifkoja.ru/odejnayakozha/tproduct/436814462402-krs-corea?editionuid=914961600602
902287537772;;;;;"КРС Corea - дм2 - Оттенок синего";;;;0.48;;;"Единица измерения:дм2;Оттенок цвета:Оттенок синего #0938f0";;BKJiTIduhx9fJFT6Scdy;436814462402;;;;;;;;;;;;;;;;;;;0;0;0;0;;;https://ozelifkoja.ru/odejnayakozha/tproduct/436814462402-krs-corea?editionuid=902287537772
874580943572;;;;"Одежная;Одежная / Фактурная;Одежная / КРС";"КРС Vizon";;;https://static.tildacdn.com/stor6162-6664-4435-b565-643066646466/87773552.jpg;;;;"product_options:[{""title"":""Единица измерения"",""params"":{""view"":""buttons"",""hasColor"":false,""linkImage"":false}},{""title"":""Оттенок цвета"",""params"":{""view"":""buttons"",""hasColor"":true,""linkImage"":false}}]";;rMi3FF3S8SLFNr2rYc1z;;Одежная;КРС;;;Коричневый;Арт-VIZON;1;"30-40 фут";0.9-1;;;;;;;;Турция;;0;0;0;0;FOT;1;https://ozelifkoja.ru/odejnayakozha/tproduct/874580943572-krs-vizon
103270031422;;;;;"КРС Vizon - фут2 - Оттенок коричневого";;;;4.50;;;"Единица измерения:фут2;Оттенок цвета:Оттенок коричневого #6e3b12";;C6GKKrSB3mFp01lB5UiF;874580943572;;;;;;;;;;;;;;;;;;;0;0;0;0;;;https://ozelifkoja.ru/odejnayakozha/tproduct/874580943572-krs-vizon?editionuid=103270031422
817172321162;;;;;"КРС Vizon - дм2 - Оттенок коричневого";;;;0.48;;;"Единица измерения:дм2;Оттенок цвета:Оттенок коричневого #6e3b12";;ieBT2YxPFIL5S8Mek7uM;874580943572;;;;;;;;;;;;;;;;;;;0;0;0;0;;;https://ozelifkoja.ru/odejnayakozha/tproduct/874580943572-krs-vizon?editionuid=817172321162
871322598792;;;;"Одежная;Одежная / Гладкая;Одежная / Фактурная";"Metallica Gold";;;https://static.tildacdn.com/stor6438-6237-4330-a261-646536613532/46229076.jpg;;;;"product_options:[{""title"":""Оттенок цвета"",""params"":{""view"":""buttons"",""hasColor"":true,""linkImage"":false}},{""title"":""Единица измерения"",""params"":{""view"":""buttons"",""hasColor"":false,""linkImage"":false}}]";;uYkHOH2HcnjRp3RoGJ2i;;Одежная;Овчина;;;Золотистый;;1;"7-8 фут2";0.7-0.8;;Кожа;;;;;;Турция;;0;0;0;0;;0;https://ozelifkoja.ru/odejnayakozha/tproduct/871322598792-metallica-gold
859292549582;;g-1;;;"Metallica Gold - Оттенок золотого - фут2";;;;4.00;;;"Оттенок цвета:Оттенок золотого #000000;Единица измерения:фут2";;dP7FoUeD1IIgShBBjIDY;871322598792;;;;;;;;;;;;;;;;;;;0;0;0;0;;;https://ozelifkoja.ru/odejnayakozha/tproduct/871322598792-metallica-gold?editionuid=859292549582
365080662942;;g-2;;;"Metallica Gold - Оттенок золотого - дм2";;;;0.43;;;"Оттенок цвета:Оттенок золотого #000000;Единица измерения:дм2";;4xeu1TlZ7ummXgmlyAPd;871322598792;;;;;;;;;;;;;;;;;;;0;0;0;0;;;https://ozelifkoja.ru/odejnayakozha/tproduct/871322598792-metallica-gold?editionuid=365080662942
517203864232;;;;"Одежная / Гладкая;Одежная / Фактурная;Одежная";Metallica;;;https://static.tildacdn.com/stor6262-3364-4062-b436-663834666338/92973572.jpg;;;;"product_options:[{""title"":""Оттенок цвета"",""params"":{""view"":""buttons"",""hasColor"":true,""linkImage"":false}},{""title"":""Единица измерения"",""params"":{""view"":""buttons"",""hasColor"":false,""linkImage"":false}}]";;jG8crkgxyfCZPfxbAI0V;;Одежная;Овчина;;;Серебристый;;1;"7-8 фут2";0.7-0.8;;Кожа;;;;;;Турция;;0;0;0;0;;0;https://ozelifkoja.ru/odejnayakozha/gladkaya/tproduct/517203864232-metallica
388314488562;;g-1;;;"Metallica - Оттенок серебристого - фут2";;;;4.00;;;"Оттенок цвета:Оттенок серебристого #bdb9b9;Единица измерения:фут2";;BJaiBCjxrybSlaBARTSt;517203864232;;;;;;;;;;;;;;;;;;;0;0;0;0;;;https://ozelifkoja.ru/odejnayakozha/gladkaya/tproduct/517203864232-metallica?editionuid=388314488562
861228137002;;g-2;;;"Metallica - Оттенок серебристого - фут2";;;;0.43;;;"Оттенок цвета:Оттенок серебристого #bdb9b9;Единица измерения:фут2";;ymE8aNhbnpUEXYpzUHtb;517203864232;;;;;;;;;;;;;;;;;;;0;0;0;0;;;https://ozelifkoja.ru/odejnayakozha/gladkaya/tproduct/517203864232-metallica?editionuid=861228137002
753120121112;;;;"Одежная;Одежная / Гладкая";"Soft Black";;;https://static.tildacdn.com/stor3063-6434-4037-a232-303038613736/55219799.jpg;;;;"product_options:[{""title"":""Единица измерения"",""params"":{""view"":""buttons"",""hasColor"":false,""linkImage"":false}},{""title"":""Оттенок цвета"",""params"":{""view"":""buttons"",""hasColor"":true,""linkImage"":false}}]";;uPNsSHJpNc4HN31Z6pk8;;Одежная;Овчина;;;Черный;Арт-SOFTBLACK;1;"6-7 фут";0.7-0.8;;;;;;;;Турция;;0;0;0;0;FOT;1;https://ozelifkoja.ru/odejnayakozha/tproduct/753120121112-soft-black
646981344362;;;;;"Soft Black - фут2 - Оттенок черного";;;;5.00;;;"Единица измерения:фут2;Оттенок цвета:Оттенок черного #000000";;FyDp1jZHzCRkKxXnipdn;753120121112;;;;;;;;;;;;;;;;;;;0;0;0;0;;;https://ozelifkoja.ru/odejnayakozha/tproduct/753120121112-soft-black?editionuid=646981344362
793687211922;;;;;"Soft Black - дм2 - Оттенок черного";;;;0.53;;;"Единица измерения:дм2;Оттенок цвета:Оттенок черного #000000";;fnv9JRB2La1CRakBCza3;753120121112;;;;;;;;;;;;;;;;;;;0;0;0;0;;;https://ozelifkoja.ru/odejnayakozha/tproduct/753120121112-soft-black?editionuid=793687211922
529952403462;;;;"Одежная;Одежная / Фактурная";"Cosmos Blue";;;https://static.tildacdn.com/stor3266-6365-4861-a438-313630643336/88924749.jpg;;;;"product_options:[{""title"":""Единица измерения"",""params"":{""view"":""buttons"",""hasColor"":false,""linkImage"":false}},{""title"":""Оттенок цвета"",""params"":{""view"":""buttons"",""hasColor"":true,""linkImage"":false}}]";;cv1KO8OPZ5bNPHxmE4vN;;Одежная;Овчина;;;Синий;Арт-COSMOSKHAKI;1;"5-6 фут";0.9-1;;;;;;;;Турция;;0;0;0;0;FOT;1;https://ozelifkoja.ru/odejnayakozha/tproduct/529952403462-cosmos-blue
997834460952;;;;;"Cosmos Blue - фут2 - Оттенок синего";;;;5.00;;;"Единица измерения:фут2;Оттенок цвета:Оттенок синего #0938f0";;EBvByZlaIJyGIk8lIkkT;529952403462;;;;;;;;;;;;;;;;;;;0;0;0;0;;;https://ozelifkoja.ru/odejnayakozha/tproduct/529952403462-cosmos-blue?editionuid=997834460952
574206398022;;;;;"Cosmos Blue - дм2 - Оттенок синего";;;;0.53;;;"Единица измерения:дм2;Оттенок цвета:Оттенок синего #0938f0";;Ix0OOEsO5YzGinrdsmPA;529952403462;;;;;;;;;;;;;;;;;;;0;0;0;0;;;https://ozelifkoja.ru/odejnayakozha/tproduct/529952403462-cosmos-blue?editionuid=574206398022
151420435072;;;;"Дубленочный;Новинки;Дубленка/Izlanda";"Дубленочный материал Izlanda Black";;"Тип сырья: Овчина Izlanda";https://static.tildacdn.com/stor3061-6561-4639-b435-626563346637/53527488.jpg;;;;"product_options:[{""title"":""Единица измерения"",""params"":{""view"":""buttons"",""hasColor"":false,""linkImage"":false}},{""title"":""Оттенок цвета"",""params"":{""view"":""buttons"",""hasColor"":true,""linkImage"":false}}]";;7LRhiC3XJDcNTmphHTyS;;Одежная;Овчина;Дубленка;;Коричневый;;;"6-7 фут2";;;Кожа;;;;;;Испания;;0;0;0;0;;0;https://ozelifkoja.ru/dublyonka/tproduct/151420435072-dublenochnii-material-izlanda-black
245156641002;;;;;"Дубленочный материал Izlanda Black - дм2 - Оттенок черного";;;;1.40;;;"Единица измерения:дм2;Оттенок цвета:Оттенок черного #000000";;rp3dfySTsR5XLkrB61fO;151420435072;;;;;;;;;;;;;;;;;;;0;0;0;0;;;https://ozelifkoja.ru/dublyonka/tproduct/151420435072-dublenochnii-material-izlanda-black?editionuid=245156641002
578012231682;;;;;"Дубленочный материал Izlanda Black - фут2 - Оттенок черного";;;;13.00;;;"Единица измерения:фут2;Оттенок цвета:Оттенок черного #000000";;s7BB9H0O5G0U89fRenJE;151420435072;;;;;;;;;;;;;;;;;;;0;0;0;0;;;https://ozelifkoja.ru/dublyonka/tproduct/151420435072-dublenochnii-material-izlanda-black?editionuid=578012231682
290734264872;;;;"Дубленочный;Новинки;Дубленка/Izlanda";"Дубленочный материал Izlanda Dark Brown";;"Тип сырья: Овчина Izlanda";https://static.tildacdn.com/stor3666-3636-4638-b764-656237656265/67412543.jpg;;;;"product_options:[{""title"":""Единица измерения"",""params"":{""view"":""buttons"",""hasColor"":false,""linkImage"":false}},{""title"":""Оттенок цвета"",""params"":{""view"":""buttons"",""hasColor"":true,""linkImage"":false}}]";;enYDPvjcv6j9LVt6RTfp;;Одежная;Овчина;Дубленка;;Коричневый;;;"6-7 фут2";;;Кожа;;;;;;Испания;;0;0;0;0;;0;https://ozelifkoja.ru/dublyonka/tproduct/290734264872-dublenochnii-material-izlanda-dark-brown
773744650322;;;;;"Дубленочный материал Izlanda Dark Brown - дм2 - Оттенок коричневого";;;;1.40;;;"Единица измерения:дм2;Оттенок цвета:Оттенок коричневого #6e3b12";;dLSYme3MVZzi9KyXDMrF;290734264872;;;;;;;;;;;;;;;;;;;0;0;0;0;;;https://ozelifkoja.ru/dublyonka/tproduct/290734264872-dublenochnii-material-izlanda-dark-brown?editionuid=773744650322
967456728452;;;;;"Дубленочный материал Izlanda Dark Brown - фут2 - Оттенок коричневого";;;;13.00;;;"Единица измерения:фут2;Оттенок цвета:Оттенок коричневого #6e3b12";;2M63ijEtAzXnXNfxJALB;290734264872;;;;;;;;;;;;;;;;;;;0;0;0;0;;;https://ozelifkoja.ru/dublyonka/tproduct/290734264872-dublenochnii-material-izlanda-dark-brown?editionuid=967456728452
203566515762;;;;"Дубленочный;Новинки;Дубленка/Izlanda";"Дубленочный материал Izlanda Brown";;"Тип сырья: Овчина Izlanda";https://static.tildacdn.com/stor6133-3163-4339-a437-643962663864/47622070.jpg;;;;"product_options:[{""title"":""Единица измерения"",""params"":{""view"":""buttons"",""hasColor"":false,""linkImage"":false}},{""title"":""Оттенок цвета"",""params"":{""view"":""buttons"",""hasColor"":true,""linkImage"":false}}]";;fVyD2Cod8irXRzoUlZsb;;Одежная;Овчина;Дубленка;;Коричневый;;;"6-7 фут2";;;Кожа;;;;;;Испания;;0;0;0;0;;0;https://ozelifkoja.ru/dublyonka/tproduct/203566515762-dublenochnii-material-izlanda-brown
848755108182;;;;;"Дубленочный материал Izlanda Brown - дм2 - Оттенок коричневого";;;;1.40;;;"Единица измерения:дм2;Оттенок цвета:Оттенок коричневого #6e3b12";;DN4n8liSnzKkoK2gh3AX;203566515762;;;;;;;;;;;;;;;;;;;0;0;0;0;;;https://ozelifkoja.ru/dublyonka/tproduct/203566515762-dublenochnii-material-izlanda-brown?editionuid=848755108182
564408060832;;;;;"Дубленочный материал Izlanda Brown - фут2 - Оттенок коричневого";;;;13.00;;;"Единица измерения:фут2;Оттенок цвета:Оттенок коричневого #6e3b12";;zeREyKlAd06YxvlSL8dG;203566515762;;;;;;;;;;;;;;;;;;;0;0;0;0;;;https://ozelifkoja.ru/dublyonka/tproduct/203566515762-dublenochnii-material-izlanda-brown?editionuid=564408060832
840096502902;;;;"Дубленочный;Новинки;Дубленка/Izlanda";"Дубленочный материал Izlanda Visky";;"Тип сырья: Овчина Izlanda";https://static.tildacdn.com/stor3363-6463-4266-a330-316632633737/90591763.jpg;;;;"product_options:[{""title"":""Единица измерения"",""params"":{""view"":""buttons"",""hasColor"":false,""linkImage"":false}},{""title"":""Оттенок цвета"",""params"":{""view"":""buttons"",""hasColor"":true,""linkImage"":false}}]";;bxx2tboAnuyFgoiy9MMJ;;Одежная;Овчина;Дубленка;;Коричневый;;;"6-7 фут2";;;Кожа;;;;;;Испания;;0;0;0;0;;0;https://ozelifkoja.ru/dublyonka/tproduct/840096502902-dublenochnii-material-izlanda-visky
326869930442;;;;;"Дубленочный материал Izlanda Visky - дм2 - Оттенок коричневого";;;;1.40;;;"Единица измерения:дм2;Оттенок цвета:Оттенок коричневого #6e3b12";;XKMgpPXzoGtRzctU3dnZ;840096502902;;;;;;;;;;;;;;;;;;;0;0;0;0;;;https://ozelifkoja.ru/dublyonka/tproduct/840096502902-dublenochnii-material-izlanda-visky?editionuid=326869930442
802351665772;;;;;"Дубленочный материал Izlanda Visky - фут2 - Оттенок коричневого";;;;13.00;;;"Единица измерения:фут2;Оттенок цвета:Оттенок коричневого #6e3b12";;o5F1zMA8ZFCjmTna4aek;840096502902;;;;;;;;;;;;;;;;;;;0;0;0;0;;;https://ozelifkoja.ru/dublyonka/tproduct/840096502902-dublenochnii-material-izlanda-visky?editionuid=802351665772
638751892172;;;;"Дубленочный;Новинки;Дубленка/Izlanda";"Дубленочный материал Izlanda Grey";;"Тип сырья: Овчина Izlanda";https://static.tildacdn.com/stor6131-3161-4063-b761-616463323633/55465711.jpg;;;;"product_options:[{""title"":""Единица измерения"",""params"":{""view"":""buttons"",""hasColor"":false,""linkImage"":false}},{""title"":""Оттенок цвета"",""params"":{""view"":""buttons"",""hasColor"":true,""linkImage"":false}}]";;tC6zDCXeIBdsMb6288YB;;Одежная;Овчина;Дубленка;;Серый;;;"6-7 фут2";;;Кожа;;;;;;Испания;;0;0;0;0;;0;https://ozelifkoja.ru/dublyonka/tproduct/638751892172-dublenochnii-material-izlanda-grey
378146106002;;;;;"Дубленочный материал Izlanda Grey - дм2 - Оттенок серого";;;;1.40;;;"Единица измерения:дм2;Оттенок цвета:Оттенок серого #9e9898";;EVbo8vm9yZ4UCNZe1X5B;638751892172;;;;;;;;;;;;;;;;;;;0;0;0;0;;;https://ozelifkoja.ru/dublyonka/tproduct/638751892172-dublenochnii-material-izlanda-grey?editionuid=378146106002
221580459182;;;;;"Дубленочный материал Izlanda Grey - фут2 - Оттенок серого";;;;13.00;;;"Единица измерения:фут2;Оттенок цвета:Оттенок серого #9e9898";;MsVIzI9JMd2M3FJzCBGC;638751892172;;;;;;;;;;;;;;;;;;;0;0;0;0;;;https://ozelifkoja.ru/dublyonka/tproduct/638751892172-dublenochnii-material-izlanda-grey?editionuid=221580459182
109872326082;;;;"Дубленочный;Новинки;Дубленка/Izlanda";"Дубленочный материал Izlanda Chestnut";;"Тип сырья: Овчина Izlanda";https://static.tildacdn.com/stor3630-3735-4430-b036-616339393139/58013379.jpg;;;;"product_options:[{""title"":""Единица измерения"",""params"":{""view"":""buttons"",""hasColor"":false,""linkImage"":false}},{""title"":""Оттенок цвета"",""params"":{""view"":""buttons"",""hasColor"":true,""linkImage"":false}}]";;osRMI3ylTYkIxuElV6nB;;Одежная;Овчина;Дубленка;;Коричневый;;;"6-7 фут2";;;Кожа;;;;;;Испания;;0;0;0;0;;0;https://ozelifkoja.ru/dublyonka/tproduct/109872326082-dublenochnii-material-izlanda-chestnut
993488475512;;;;;"Дубленочный материал Izlanda Chestnut - дм2 - Оттенок коричневого";;;;1.40;;;"Единица измерения:дм2;Оттенок цвета:Оттенок коричневого #6e3b12";;dN0xaFasUUm7bgM9IjpY;109872326082;;;;;;;;;;;;;;;;;;;0;0;0;0;;;https://ozelifkoja.ru/dublyonka/tproduct/109872326082-dublenochnii-material-izlanda-chestnut?editionuid=993488475512
170482221262;;;;;"Дубленочный материал Izlanda Chestnut - фут2 - Оттенок коричневого";;;;13.00;;;"Единица измерения:фут2;Оттенок цвета:Оттенок коричневого #6e3b12";;hN532xjb7MJvvVv7mskC;109872326082;;;;;;;;;;;;;;;;;;;0;0;0;0;;;https://ozelifkoja.ru/dublyonka/tproduct/109872326082-dublenochnii-material-izlanda-chestnut?editionuid=170482221262
741149721332;;;;"Дубленочный;Новинки;Дубленка/Izlanda";"Дубленочный материал Izlanda Pudra";;"Тип сырья: Овчина Izlanda";https://static.tildacdn.com/stor6637-3633-4436-a437-336638306131/92012137.jpg;;;;"product_options:[{""title"":""Единица измерения"",""params"":{""view"":""buttons"",""hasColor"":false,""linkImage"":false}},{""title"":""Оттенок цвета"",""params"":{""view"":""buttons"",""hasColor"":true,""linkImage"":false}}]";;oHfMpVhX2xLftO6s5vZI;;Одежная;Овчина;Дубленка;;Бежевый;;;"6-7 фут2";;;Кожа;;;;;;Испания;;0;0;0;0;;0;https://ozelifkoja.ru/dublyonka/tproduct/741149721332-dublenochnii-material-izlanda-pudra
350297748172;;;;;"Дубленочный материал Izlanda Pudra - дм2 - Оттенок бежевого";;;;1.40;;;"Единица измерения:дм2;Оттенок цвета:Оттенок бежевого #d4b088";;p16DeSLCOt0APHmpkB7v;741149721332;;;;;;;;;;;;;;;;;;;0;0;0;0;;;https://ozelifkoja.ru/dublyonka/tproduct/741149721332-dublenochnii-material-izlanda-pudra?editionuid=350297748172
982249019412;;;;;"Дубленочный материал Izlanda Pudra - фут2 - Оттенок бежевого";;;;13.00;;;"Единица измерения:фут2;Оттенок цвета:Оттенок бежевого #d4b088";;DF9uBCfscgC9hOPalxtb;741149721332;;;;;;;;;;;;;;;;;;;0;0;0;0;;;https://ozelifkoja.ru/dublyonka/tproduct/741149721332-dublenochnii-material-izlanda-pudra?editionuid=982249019412
826043821932;;;;"Одежная;Одежная / Гладкая";"Full Vegetale Chestnut";;;https://static.tildacdn.com/stor6663-6232-4561-a362-633165366563/48644372.jpg;;;;"product_options:[{""title"":""Единица измерения"",""params"":{""view"":""buttons"",""hasColor"":false,""linkImage"":false}},{""title"":""Оттенок цвета"",""params"":{""view"":""buttons"",""hasColor"":true,""linkImage"":false}}]";;Dt44VYNG0OrE10EZSJTa;;Одежная;Овчина;;;Коричневый;;1;"6-7 фут2";0.9-1;;"Натуральное крошение";;;;;;Турция;;0;0;0;0;FOT;1;https://ozelifkoja.ru/odejnayakozha/tproduct/826043821932-full-vegetale-chestnut
427786899602;;;;;"Full Vegetale Chestnut - Оттенок коричневого";;;;5.00;;;"Единица измерения:;Оттенок цвета:Оттенок коричневого #6e3b12";;cOK0D2eDxN5N9b4eSog8;826043821932;;;;;;;;;;;;;;;;;;;0;0;0;0;;;https://ozelifkoja.ru/odejnayakozha/tproduct/826043821932-full-vegetale-chestnut?editionuid=427786899602
603020378432;;;;;"Full Vegetale Chestnut - Оттенок коричневого";;;;0.53;;;"Единица измерения:;Оттенок цвета:Оттенок коричневого #6e3b12";;FbbcJDe6olAjDk9XacEy;826043821932;;;;;;;;;;;;;;;;;;;0;0;0;0;;;https://ozelifkoja.ru/odejnayakozha/tproduct/826043821932-full-vegetale-chestnut?editionuid=603020378432
929713822342;;;;"Одежная;Одежная / Гладкая";"Full Vegetale Dark Brown";;;https://static.tildacdn.com/stor3734-6331-4630-a161-313930343333/19892942.jpg;;;;"product_options:[{""title"":""Единица измерения"",""params"":{""view"":""buttons"",""hasColor"":false,""linkImage"":false}},{""title"":""Оттенок цвета"",""params"":{""view"":""buttons"",""hasColor"":true,""linkImage"":false}}]";;z09y0eb06adZrXZSjYKm;;Одежная;Овчина;;;Коричневый;;1;"6-7 фут2";0.9-1;;"Натуральное крошение";;;;;;Турция;;0;0;0;0;FOT;1;https://ozelifkoja.ru/odejnayakozha/tproduct/929713822342-full-vegetale-dark-brown
912145903882;;;;;"Full Vegetale Dark Brown - Оттенок коричневого";;;;5.00;;;"Единица измерения:;Оттенок цвета:Оттенок коричневого #6e3b12";;55OTel5beNJspy9utMtE;929713822342;;;;;;;;;;;;;;;;;;;0;0;0;0;;;https://ozelifkoja.ru/odejnayakozha/tproduct/929713822342-full-vegetale-dark-brown?editionuid=912145903882
805566377792;;;;;"Full Vegetale Dark Brown - Оттенок коричневого";;;;0.53;;;"Единица измерения:;Оттенок цвета:Оттенок коричневого #6e3b12";;hi7aD5obx1P2s7uTUUJd;929713822342;;;;;;;;;;;;;;;;;;;0;0;0;0;;;https://ozelifkoja.ru/odejnayakozha/tproduct/929713822342-full-vegetale-dark-brown?editionuid=805566377792
834445446772;;;;"Одежная;Одежная / Гладкая";"Full Vegetale Brown Vintage";;;https://static.tildacdn.com/stor6539-3936-4666-b464-663134663563/94926430.jpg;;;;"product_options:[{""title"":""Единица измерения"",""params"":{""view"":""buttons"",""hasColor"":false,""linkImage"":false}},{""title"":""Оттенок цвета"",""params"":{""view"":""buttons"",""hasColor"":true,""linkImage"":false}}]";;8o4pAKDL05mU8ctPzppP;;Одежная;Овчина;;;Коричневый;;1;"6-7 фут2";0.9-1;;"Натуральное крошение";;;;;;Турция;;0;0;0;0;FOT;1;https://ozelifkoja.ru/odejnayakozha/tproduct/834445446772-full-vegetale-brown-vintage
948818624702;;;;;"Full Vegetale Brown Vintage - Оттенок коричневого";;;;5.00;;;"Единица измерения:;Оттенок цвета:Оттенок коричневого #6e3b12";;VJMNtsr3aMMJckylyKlk;834445446772;;;;;;;;;;;;;;;;;;;0;0;0;0;;;https://ozelifkoja.ru/odejnayakozha/tproduct/834445446772-full-vegetale-brown-vintage?editionuid=948818624702
531714047072;;;;;"Full Vegetale Brown Vintage - Оттенок коричневого";;;;0.53;;;"Единица измерения:;Оттенок цвета:Оттенок коричневого #6e3b12";;zrJT0n4SLxIvcXtcPzNe;834445446772;;;;;;;;;;;;;;;;;;;0;0;0;0;;;https://ozelifkoja.ru/odejnayakozha/tproduct/834445446772-full-vegetale-brown-vintage?editionuid=531714047072
559967388212;;;;"Одежная;Одежная / Гладкая";"Vegetale Black";;;https://static.tildacdn.com/stor3734-3466-4133-a363-653761373266/60132552.jpg;;;;"product_options:[{""title"":""Единица измерения"",""params"":{""view"":""buttons"",""hasColor"":false,""linkImage"":false}},{""title"":""Оттенок цвета"",""params"":{""view"":""buttons"",""hasColor"":true,""linkImage"":false}}]";;nY6fUYtrssfMmO2Yz5YO;;Одежная;Овчина;;;Черный;;1;"9-10 фут";0.5-0.6;;"Натуральное крошение";;;;;;Турция;;0;0;0;0;FOT;1;https://ozelifkoja.ru/odejnayakozha/tproduct/559967388212-vegetale-black
600309060222;;;;;"Vegetale Black - Оттенок черного";;;;5.00;;;"Единица измерения:;Оттенок цвета:Оттенок черного #000000";;om53C7EXvAxgO6KHRTzP;559967388212;;;;;;;;;;;;;;;;;;;0;0;0;0;;;https://ozelifkoja.ru/odejnayakozha/tproduct/559967388212-vegetale-black?editionuid=600309060222
547483116392;;;;;"Vegetale Black - Оттенок черного";;;;0.53;;;"Единица измерения:;Оттенок цвета:Оттенок черного #000000";;zRYjsthNR4yF1DtM9jiO;559967388212;;;;;;;;;;;;;;;;;;;0;0;0;0;;;https://ozelifkoja.ru/odejnayakozha/tproduct/559967388212-vegetale-black?editionuid=547483116392
388127392912;;;;"Одежная;Одежная / Гладкая";"Vegetale Grey";;;https://static.tildacdn.com/stor6465-6239-4539-b531-663538353761/32242491.jpg;;;;"product_options:[{""title"":""Единица измерения"",""params"":{""view"":""buttons"",""hasColor"":false,""linkImage"":false}},{""title"":""Оттенок цвета"",""params"":{""view"":""buttons"",""hasColor"":true,""linkImage"":false}}]";;uNa4BNPDuZtZxs1Sa6Nc;;Одежная;Овчина;;;Серый;;1;"9-10 фут";0.5-0.6;;"Натуральное крошение";;;;;;Турция;;0;0;0;0;FOT;1;https://ozelifkoja.ru/odejnayakozha/tproduct/388127392912-vegetale-grey
111602371952;;;;;"Vegetale Grey - Оттенок серого";;;;5.00;;;"Единица измерения:;Оттенок цвета:Оттенок серого #9e9898";;j1KEIT3EvoY0idYgOiCE;388127392912;;;;;;;;;;;;;;;;;;;0;0;0;0;;;https://ozelifkoja.ru/odejnayakozha/tproduct/388127392912-vegetale-grey?editionuid=111602371952
581803226892;;;;;"Vegetale Grey - Оттенок серого";;;;0.53;;;"Единица измерения:;Оттенок цвета:Оттенок серого #9e9898";;p4fYMi54717a4XF9l9jN;388127392912;;;;;;;;;;;;;;;;;;;0;0;0;0;;;https://ozelifkoja.ru/odejnayakozha/tproduct/388127392912-vegetale-grey?editionuid=581803226892
860198164822;;;;"Дубленочный;Новинки;Дубленка/Izlanda";"Дубленочный материал Izlanda Dark Grey Suet";;"Тип сырья: Овчина Izlanda";https://static.tildacdn.com/stor3163-3466-4236-b262-623034363638/46705803.jpg;;;;"product_options:[{""title"":""Единица измерения"",""params"":{""view"":""buttons"",""hasColor"":false,""linkImage"":false}},{""title"":""Оттенок цвета"",""params"":{""view"":""buttons"",""hasColor"":true,""linkImage"":false}}]";;b6Ylm4acNNKl3fB7pj2N;;Одежная;Овчина;Дубленка;;Серый;;;"6-7 фут2";;;Замша;;;;;;Испания;;0;0;0;0;;0;https://ozelifkoja.ru/dublyonka/tproduct/860198164822-dublenochnii-material-izlanda-dark-grey
393783292802;;;;;"Дубленочный материал Izlanda Dark Grey Suet - дм2 - Оттенок серого";;;;1.40;;;"Единица измерения:дм2;Оттенок цвета:Оттенок серого #9e9898";;s2jmmDolA1IkF5vjRN3d;860198164822;;;;;;;;;;;;;;;;;;;0;0;0;0;;;https://ozelifkoja.ru/dublyonka/tproduct/860198164822-dublenochnii-material-izlanda-dark-grey?editionuid=393783292802
142811729902;;;;;"Дубленочный материал Izlanda Dark Grey Suet - фут2 - Оттенок серого";;;;13.00;;;"Единица измерения:фут2;Оттенок цвета:Оттенок серого #9e9898";;mcUEHNnVb8KlGEemXZUK;860198164822;;;;;;;;;;;;;;;;;;;0;0;0;0;;;https://ozelifkoja.ru/dublyonka/tproduct/860198164822-dublenochnii-material-izlanda-dark-grey?editionuid=142811729902
697460187262;;;;"Дубленочный;Новинки;Дубленка/Izlanda";"Дубленочный материал Izlanda Visky Suet";;"Тип сырья: Овчина Izlanda";https://static.tildacdn.com/stor6231-6639-4237-a631-336637666339/93792416.jpg;;;;"product_options:[{""title"":""Единица измерения"",""params"":{""view"":""buttons"",""hasColor"":false,""linkImage"":false}},{""title"":""Оттенок цвета"",""params"":{""view"":""buttons"",""hasColor"":true,""linkImage"":false}}]";;trlhvncy1PoN4CuZSnOy;;Одежная;Овчина;Дубленка;;Коричневый;;;"6-7 фут2";;;Замша;;;;;;Испания;;0;0;0;0;;0;https://ozelifkoja.ru/dublyonka/tproduct/697460187262-dublenochnii-material-izlanda-visky-suet
755284468222;;;;;"Дубленочный материал Izlanda Visky Suet - дм2 - Оттенок коричневого";;;;1.40;;;"Единица измерения:дм2;Оттенок цвета:Оттенок коричневого #6e3b12";;6GmsOFdygfvxzmiu87Ni;697460187262;;;;;;;;;;;;;;;;;;;0;0;0;0;;;https://ozelifkoja.ru/dublyonka/tproduct/697460187262-dublenochnii-material-izlanda-visky-suet?editionuid=755284468222
441312658172;;;;;"Дубленочный материал Izlanda Visky Suet - фут2 - Оттенок коричневого";;;;13.00;;;"Единица измерения:фут2;Оттенок цвета:Оттенок коричневого #6e3b12";;yIFi9AxOkhm88fBfXgET;697460187262;;;;;;;;;;;;;;;;;;;0;0;0;0;;;https://ozelifkoja.ru/dublyonka/tproduct/697460187262-dublenochnii-material-izlanda-visky-suet?editionuid=441312658172
900299087782;;;;"Дубленочный;Новинки;Дубленка/Izlanda";"Дубленочный материал Izlanda Brown Suet";;"Тип сырья: Овчина Izlanda";https://static.tildacdn.com/stor3830-3864-4861-a566-373030626339/88099585.jpg;;;;"product_options:[{""title"":""Единица измерения"",""params"":{""view"":""buttons"",""hasColor"":false,""linkImage"":false}},{""title"":""Оттенок цвета"",""params"":{""view"":""buttons"",""hasColor"":true,""linkImage"":false}}]";;XrJzzbKR3rIb7AOrVkjs;;Одежная;Овчина;Дубленка;;Коричневый;;;"6-7 фут2";;;Замша;;;;;;Испания;;0;0;0;0;;0;https://ozelifkoja.ru/dublyonka/tproduct/900299087782-dublenochnii-material-izlanda-brown-suet
195196103402;;;;;"Дубленочный материал Izlanda Brown Suet - дм2 - Оттенок коричневого";;;;1.40;;;"Единица измерения:дм2;Оттенок цвета:Оттенок коричневого #6e3b12";;a6kzXgIZZZ90VTZHsx5n;900299087782;;;;;;;;;;;;;;;;;;;0;0;0;0;;;https://ozelifkoja.ru/dublyonka/tproduct/900299087782-dublenochnii-material-izlanda-brown-suet?editionuid=195196103402
937350169252;;;;;"Дубленочный материал Izlanda Brown Suet - фут2 - Оттенок коричневого";;;;13.00;;;"Единица измерения:фут2;Оттенок цвета:Оттенок коричневого #6e3b12";;NF14X6rEczbTTPKutXjr;900299087782;;;;;;;;;;;;;;;;;;;0;0;0;0;;;https://ozelifkoja.ru/dublyonka/tproduct/900299087782-dublenochnii-material-izlanda-brown-suet?editionuid=937350169252
642431830292;;;;"Дубленочный;Новинки;Дубленка/Izlanda";"Дубленочный материал Izlanda Pudra Suet";;"Тип сырья: Овчина Izlanda";https://static.tildacdn.com/stor6662-3064-4434-a430-393339366334/43248972.jpg;;;;"product_options:[{""title"":""Единица измерения"",""params"":{""view"":""buttons"",""hasColor"":false,""linkImage"":false}},{""title"":""Оттенок цвета"",""params"":{""view"":""buttons"",""hasColor"":true,""linkImage"":false}}]";;sCxMauzJSic3kl7XgSrf;;Одежная;Овчина;Дубленка;;Бежевый;;;"6-7 фут2";;;Замша;;;;;;Испания;;0;0;0;0;;0;https://ozelifkoja.ru/dublyonka/tproduct/642431830292-dublenochnii-material-izlanda-pudra-suet
667750382332;;;;;"Дубленочный материал Izlanda Pudra Suet - дм2 - Оттенок бежевого";;;;1.40;;;"Единица измерения:дм2;Оттенок цвета:Оттенок бежевого #d4b088";;JYvtNR6SIjFD0HjXpzVB;642431830292;;;;;;;;;;;;;;;;;;;0;0;0;0;;;https://ozelifkoja.ru/dublyonka/tproduct/642431830292-dublenochnii-material-izlanda-pudra-suet?editionuid=667750382332
356431660432;;;;;"Дубленочный материал Izlanda Pudra Suet - фут2 - Оттенок бежевого";;;;13.00;;;"Единица измерения:фут2;Оттенок цвета:Оттенок бежевого #d4b088";;HBEYXMbpgTYOu5HZfcBA;642431830292;;;;;;;;;;;;;;;;;;;0;0;0;0;;;https://ozelifkoja.ru/dublyonka/tproduct/642431830292-dublenochnii-material-izlanda-pudra-suet?editionuid=356431660432
173210508782;;;;"Дубленочный;Новинки;Дубленка/Izlanda";"Дубленочный материал Izlanda Dark Brown Suet";;"Тип сырья: Овчина Izlanda";https://static.tildacdn.com/stor3562-3135-4338-b136-373639393531/64517297.jpg;;;;"product_options:[{""title"":""Единица измерения"",""params"":{""view"":""buttons"",""hasColor"":false,""linkImage"":false}},{""title"":""Оттенок цвета"",""params"":{""view"":""buttons"",""hasColor"":true,""linkImage"":false}}]";;vdhvo1zHSPSM6L6Mzbs6;;Одежная;Овчина;Дубленка;;Коричневый;;;"6-7 фут2";;;Замша;;;;;;Испания;;0;0;0;0;;0;https://ozelifkoja.ru/dublyonka/tproduct/173210508782-dublenochnii-material-izlanda-dark-brown
782087925842;;;;;"Дубленочный материал Izlanda Dark Brown Suet - дм2 - Оттенок коричневого";;;;1.40;;;"Единица измерения:дм2;Оттенок цвета:Оттенок коричневого #6e3b12";;TSnUMeZgespvTfxE3EVl;173210508782;;;;;;;;;;;;;;;;;;;0;0;0;0;;;https://ozelifkoja.ru/dublyonka/tproduct/173210508782-dublenochnii-material-izlanda-dark-brown?editionuid=782087925842
146049695302;;;;;"Дубленочный материал Izlanda Dark Brown Suet - фут2 - Оттенок коричневого";;;;13.00;;;"Единица измерения:фут2;Оттенок цвета:Оттенок коричневого #6e3b12";;37rON9KKmOJ1ROESFCeZ;173210508782;;;;;;;;;;;;;;;;;;;0;0;0;0;;;https://ozelifkoja.ru/dublyonka/tproduct/173210508782-dublenochnii-material-izlanda-dark-brown?editionuid=146049695302
471557002592;;;;"Дубленочный;Новинки;Дубленка/Izlanda";"Дубленочный материал Izlanda Grey Suet";;"Тип сырья: Овчина Izlanda";https://static.tildacdn.com/stor6363-3163-4464-b038-626635383632/42249372.jpg;;;;"product_options:[{""title"":""Единица измерения"",""params"":{""view"":""buttons"",""hasColor"":false,""linkImage"":false}},{""title"":""Оттенок цвета"",""params"":{""view"":""buttons"",""hasColor"":true,""linkImage"":false}}]";;mP1nC2dXbNNnNCrT0U4b;;Одежная;Овчина;Дубленка;;Серый;;;"6-7 фут2";;;Замша;;;;;;Испания;;0;0;0;0;;0;https://ozelifkoja.ru/dublyonka/tproduct/471557002592-dublenochnii-material-izlanda-grey-suet
758262770792;;;;;"Дубленочный материал Izlanda Grey Suet - дм2 - Оттенок серого";;;;1.40;;;"Единица измерения:дм2;Оттенок цвета:Оттенок серого #9e9898";;rspfCBCH0mkHzbrAPcgb;471557002592;;;;;;;;;;;;;;;;;;;0;0;0;0;;;https://ozelifkoja.ru/dublyonka/tproduct/471557002592-dublenochnii-material-izlanda-grey-suet?editionuid=758262770792
390774537412;;;;;"Дубленочный материал Izlanda Grey Suet - фут2 - Оттенок серого";;;;13.00;;;"Единица измерения:фут2;Оттенок цвета:Оттенок серого #9e9898";;I9m40L6LSRHoR1SNhxzf;471557002592;;;;;;;;;;;;;;;;;;;0;0;0;0;;;https://ozelifkoja.ru/dublyonka/tproduct/471557002592-dublenochnii-material-izlanda-grey-suet?editionuid=390774537412
965273689092;;;;"Дубленочный;Дубленка / Тиградо;Распродажа";"Дубленочный материал Тиградо ""Green""";;;https://static.tildacdn.com/stor6132-3934-4164-b837-643135393639/81906592.jpg;;;;"product_options:[{""title"":""Единица измерения"",""params"":{""view"":""buttons"",""hasColor"":false,""linkImage"":false}},{""title"":""Оттенок цвета"",""params"":{""view"":""buttons"",""hasColor"":true,""linkImage"":false}}]";;bIGlIJ9JuKxT5Ygfvbp8;;Одежная;Овчина;Дубленка;;Зеленый;;;"3-4 фут2";;;Замша;;;;;;Италия;;0;0;0;0;FOT;1;https://ozelifkoja.ru/dublyonka/tproduct/965273689092-dublenochnii-material-tigrado-green
928834952622;;;;;"Дубленочный материал Тиградо ""Green"" - фут2 - Оттенок зеленого";;;;9.00;;;"Единица измерения:фут2;Оттенок цвета:Оттенок зеленого #028a34";;9TexC8zBp7yLYHAVDbs5;965273689092;;;;;;;;;;;;;;;;;;;0;0;0;0;;;https://ozelifkoja.ru/dublyonka/tproduct/965273689092-dublenochnii-material-tigrado-green?editionuid=928834952622
756327118652;;;;;"Дубленочный материал Тиградо ""Green"" - дм2 - Оттенок зеленого";;;;0.91;;;"Единица измерения:дм2;Оттенок цвета:Оттенок зеленого #028a34";;OoRpcbHxzJCLcmZ7shME;965273689092;;;;;;;;;;;;;;;;;;;0;0;0;0;;;https://ozelifkoja.ru/dublyonka/tproduct/965273689092-dublenochnii-material-tigrado-green?editionuid=756327118652
381197281232;;;;"Дубленочный;Дубленка / Тоскана";"Дубленочный материал Тоскана ""Black""";;;https://static.tildacdn.com/stor6161-3166-4237-a131-396131613837/74300846.jpg;;;;"product_options:[{""title"":""Единица измерения"",""params"":{""view"":""buttons"",""hasColor"":false,""linkImage"":false}},{""title"":""Оттенок цвета"",""params"":{""view"":""buttons"",""hasColor"":true,""linkImage"":false}}]";;68zdNHG4lVlBmLtfnpoG;;Одежная;Овчина;Дубленка;;Черный;;;"4-5 фут2";;;;;;;;;Греция;;0;0;0;0;FOT;1;https://ozelifkoja.ru/dublyonka/tproduct/381197281232-dublenochnii-material-toskana-black
408214763472;;;;;"Дубленочный материал Тоскана ""Black"" - фут2 - Оттенок черного";;;;15.00;;;"Единица измерения:фут2;Оттенок цвета:Оттенок черного #000000";;oL4J5tMXeZaHz89g8GOH;381197281232;;;;;;;;;;;;;;;;;;;0;0;0;0;;;https://ozelifkoja.ru/dublyonka/tproduct/381197281232-dublenochnii-material-toskana-black?editionuid=408214763472
848166190812;;;;;"Дубленочный материал Тоскана ""Black"" - дм2 - Оттенок черного";;;;1.61;;;"Единица измерения:дм2;Оттенок цвета:Оттенок черного #000000";;2umUCnltfKcTFUIt3UKL;381197281232;;;;;;;;;;;;;;;;;;;0;0;0;0;;;https://ozelifkoja.ru/dublyonka/tproduct/381197281232-dublenochnii-material-toskana-black?editionuid=848166190812
407243141202;;;;"Дубленочный;Дубленка / Тоскана";"Дубленочный материал Тоскана ""Khaki""";;;https://static.tildacdn.com/stor3134-3535-4264-b565-373333633463/69098576.jpg;;;;"product_options:[{""title"":""Единица измерения"",""params"":{""view"":""buttons"",""hasColor"":false,""linkImage"":false}},{""title"":""Оттенок цвета"",""params"":{""view"":""buttons"",""hasColor"":true,""linkImage"":false}}]";;bg788mDfilOzXxBiFZnp;;Одежная;Овчина;Дубленка;;Зеленый;;;"4-5 фут2";;;;;;;;;Греция;;0;0;0;0;FOT;1;https://ozelifkoja.ru/dublyonka/tproduct/407243141202-dublenochnii-material-toskana-khaki
653111737882;;;;;"Дубленочный материал Тоскана ""Khaki"" - фут2 - Оттенок зеленого";;;;15.00;;;"Единица измерения:фут2;Оттенок цвета:Оттенок зеленого #028a34";;NkOeEmDHYAiOV6D7izs8;407243141202;;;;;;;;;;;;;;;;;;;0;0;0;0;;;https://ozelifkoja.ru/dublyonka/tproduct/407243141202-dublenochnii-material-toskana-khaki?editionuid=653111737882
449965090752;;;;;"Дубленочный материал Тоскана ""Khaki"" - дм2 - Оттенок зеленого";;;;1.61;;;"Единица измерения:дм2;Оттенок цвета:Оттенок зеленого #028a34";;A4bYCeYIGJ3xKeUzpgMZ;407243141202;;;;;;;;;;;;;;;;;;;0;0;0;0;;;https://ozelifkoja.ru/dublyonka/tproduct/407243141202-dublenochnii-material-toskana-khaki?editionuid=449965090752
538989828242;;;;"Дубленочный;Дубленка / Тоскана";"Дубленочный материал Тоскана ""Brown""";;;https://static.tildacdn.com/stor3937-3566-4838-b261-336436663066/68945339.jpg;;;;"product_options:[{""title"":""Единица измерения"",""params"":{""view"":""buttons"",""hasColor"":false,""linkImage"":false}},{""title"":""Оттенок цвета"",""params"":{""view"":""buttons"",""hasColor"":true,""linkImage"":false}}]";;OdO8c8jkzg06YO1CJ2eP;;Одежная;Овчина;Дубленка;;Черный;;;"4-5 фут2";;;;;;;;;Греция;;0;0;0;0;FOT;1;https://ozelifkoja.ru/dublyonka/tproduct/538989828242-dublenochnii-material-toskana-brown
738943886152;;;;;"Дубленочный материал Тоскана ""Brown"" - фут2 - Оттенок коричневого";;;;15.00;;;"Единица измерения:фут2;Оттенок цвета:Оттенок коричневого #6e3b12";;3B70b6HzXHr2K3N6MtOb;538989828242;;;;;;;;;;;;;;;;;;;0;0;0;0;;;https://ozelifkoja.ru/dublyonka/tproduct/538989828242-dublenochnii-material-toskana-brown?editionuid=738943886152
992917414472;;;;;"Дубленочный материал Тоскана ""Brown"" - дм2 - Оттенок коричневого";;;;1.61;;;"Единица измерения:дм2;Оттенок цвета:Оттенок коричневого #6e3b12";;bjYaM9LNxmT00B1Apvxj;538989828242;;;;;;;;;;;;;;;;;;;0;0;0;0;;;https://ozelifkoja.ru/dublyonka/tproduct/538989828242-dublenochnii-material-toskana-brown?editionuid=992917414472
429702842072;;;;"Дубленочный;Дубленка / Керли;Новинки";"Дубленочный материал Кёрли ""Camel""";;;https://static.tildacdn.com/stor3036-6464-4432-b034-373633346134/33326486.jpg;;;;"product_options:[{""title"":""Единица измерения"",""params"":{""view"":""buttons"",""hasColor"":false,""linkImage"":false}},{""title"":""Оттенок цвета"",""params"":{""view"":""buttons"",""hasColor"":true,""linkImage"":false}}]";;9EiToAsd0y6696LgYkp3;;Одежная;Овчина;Дубленка;;Оранжевый;;;"6-7 фут2";;;Кожа;;;;;;Испания;;0;0;0;0;FOT;1;https://ozelifkoja.ru/dublyonka/tproduct/429702842072-dublenochnii-material-kyorli-camel
546772657262;;;;;"Дубленочный материал Кёрли ""Camel"" - фут2 - Оттенок коричневого";;;;13.00;;;"Единица измерения:фут2;Оттенок цвета:Оттенок коричневого #6e3b12";;kUOuRHONLC7O1kdxUDO4;429702842072;;;;;;;;;;;;;;;;;;;0;0;0;0;;;https://ozelifkoja.ru/dublyonka/tproduct/429702842072-dublenochnii-material-kyorli-camel?editionuid=546772657262
994845490842;;;;;"Дубленочный материал Кёрли ""Camel"" - дм2 - Оттенок коричневого";;;;1.40;;;"Единица измерения:дм2;Оттенок цвета:Оттенок коричневого #6e3b12";;ZJY7fTaDsgZni6XJ7ohF;429702842072;;;;;;;;;;;;;;;;;;;0;0;0;0;;;https://ozelifkoja.ru/dublyonka/tproduct/429702842072-dublenochnii-material-kyorli-camel?editionuid=994845490842
270975024952;;;;"Дубленочный;Дубленка / Меринилло";"Дубленочный материал Меринилло ""Grey""";;;https://static.tildacdn.com/stor3663-6232-4633-b133-343164383239/26017032.jpg;;;;"product_options:[{""title"":""Единица измерения"",""params"":{""view"":""buttons"",""hasColor"":false,""linkImage"":false}},{""title"":""Оттенок цвета"",""params"":{""view"":""buttons"",""hasColor"":true,""linkImage"":false}}]";;6IPom4P8bgudovYYArnH;;Одежная;Овчина;Дубленка;;Серый;;;"4-5 фут2";;;;;;;;;Испания;;0;0;0;0;FOT;1;https://ozelifkoja.ru/dublyonka/tproduct/270975024952-dublenochnii-material-merinillo-grey
800060010922;;;;;"Дубленочный материал Меринилло ""Grey"" - фут2 - Оттенок серого";;;;10.00;;;"Единица измерения:фут2;Оттенок цвета:Оттенок серого #9e9898";;rAPEuCc40sirHfuJXV0G;270975024952;;;;;;;;;;;;;;;;;;;0;0;0;0;;;https://ozelifkoja.ru/dublyonka/tproduct/270975024952-dublenochnii-material-merinillo-grey?editionuid=800060010922
101534378902;;;;;"Дубленочный материал Меринилло ""Grey"" - дм2 - Оттенок серого";;;;1.07;;;"Единица измерения:дм2;Оттенок цвета:Оттенок серого #9e9898";;zAAFxG2tsAokOOZ606Oc;270975024952;;;;;;;;;;;;;;;;;;;0;0;0;0;;;https://ozelifkoja.ru/dublyonka/tproduct/270975024952-dublenochnii-material-merinillo-grey?editionuid=101534378902
153846485632;;;;"Дубленочный;Дубленка / Керли;Распродажа";"Дубленочный материал Кёрли ""Bear""";;;https://static.tildacdn.com/stor6131-3365-4532-b431-633230316466/65141708.jpg;;;;"product_options:[{""title"":""Единица измерения"",""params"":{""view"":""buttons"",""hasColor"":false,""linkImage"":false}},{""title"":""Оттенок цвета"",""params"":{""view"":""buttons"",""hasColor"":true,""linkImage"":false}}]";;AM1jNA91meZbcIO9CSCk;;Одежная;Овчина;Дубленка;;Коричневый;;;"6-7 фут2";;;;;;;;;Турция;;0;0;0;0;FOT;1;https://ozelifkoja.ru/dublyonka/tproduct/153846485632-dublenochnii-material-kyorli-bear
836302495852;;;;;"Дубленочный материал Кёрли ""Bear"" - фут2 - Оттенок коричневого";;;;8.00;;10;"Единица измерения:фут2;Оттенок цвета:Оттенок коричневого #6e3b12";;j9sYLAd7iY5O6Hy0NLi2;153846485632;;;;;;;;;;;;;;;;;;;0;0;0;0;;;https://ozelifkoja.ru/dublyonka/tproduct/153846485632-dublenochnii-material-kyorli-bear?editionuid=836302495852
831383809802;;;;;"Дубленочный материал Кёрли ""Bear"" - дм2 - Оттенок коричневого";;;;0.86;;1.07;"Единица измерения:дм2;Оттенок цвета:Оттенок коричневого #6e3b12";;dL3jpERYmzc083BfjBAj;153846485632;;;;;;;;;;;;;;;;;;;0;0;0;0;;;https://ozelifkoja.ru/dublyonka/tproduct/153846485632-dublenochnii-material-kyorli-bear?editionuid=831383809802
178480927282;;;;"Дубленочный;Дубленка / Керли;Новинки";"Дубленочный материал Кёрли ""Silky&amp;Black""";;;https://static.tildacdn.com/stor6261-3533-4465-a636-626364646435/53497561.jpg;;;;"product_options:[{""title"":""Единица измерения"",""params"":{""view"":""buttons"",""hasColor"":false,""linkImage"":false}},{""title"":""Оттенок цвета"",""params"":{""view"":""buttons"",""hasColor"":true,""linkImage"":false}}]";;zXkg76jAR2RtG2kXbBpk;;Одежная;Овчина;Дубленка;;Чёрный;;;"6-7 фут2";;;Замша;;;;;;Испания;;0;0;0;0;FOT;1;https://ozelifkoja.ru/dublyonka/tproduct/178480927282-dublenochnii-material-kyorli-silkyampbla
512288372692;;;;;"Дубленочный материал Кёрли ""Silky&amp;Black"" - фут2 - Оттенок черного";;;;13.00;;;"Единица измерения:фут2;Оттенок цвета:Оттенок черного #000000";;k4KGn0GiO4IvLRRVblac;178480927282;;;;;;;;;;;;;;;;;;;0;0;0;0;;;https://ozelifkoja.ru/dublyonka/tproduct/178480927282-dublenochnii-material-kyorli-silkyampbla?editionuid=512288372692
562706726572;;;;;"Дубленочный материал Кёрли ""Silky&amp;Black"" - дм2 - Оттенок черного";;;;1.40;;;"Единица измерения:дм2;Оттенок цвета:Оттенок черного #000000";;5lMoKcl6422UTK2Ovaxb;178480927282;;;;;;;;;;;;;;;;;;;0;0;0;0;;;https://ozelifkoja.ru/dublyonka/tproduct/178480927282-dublenochnii-material-kyorli-silkyampbla?editionuid=562706726572
814884550972;;;;"Замша;Замша / Гладкая";"Suede Olive";;;https://static.tildacdn.com/stor3831-6137-4962-b565-333431623631/69627711.jpg;;;;"product_options:[{""title"":""Единица измерения"",""params"":{""view"":""buttons"",""hasColor"":false,""linkImage"":false}},{""title"":""Оттенок цвета"",""params"":{""view"":""buttons"",""hasColor"":true,""linkImage"":false}}]";;lCZr6HKmcis6LNoE1irv;;Одежная;Овчина;Замша;;Зеленый;;;"5-6 фут2";0.8-0.9;;;;;;;;Африка;;0;0;0;0;FOT;1;https://ozelifkoja.ru/zamsha/tproduct/814884550972-suede-olive
452245677032;;;;;"Suede Olive - фут2 - Оттенок зеленого";;;;5.50;;;"Единица измерения:фут2;Оттенок цвета:Оттенок зеленого #028a34";;4lg469FoUEmrTCvlThZC;814884550972;;;;;;;;;;;;;;;;;;;0;0;0;0;;;https://ozelifkoja.ru/zamsha/tproduct/814884550972-suede-olive?editionuid=452245677032
344112719232;;;;;"Suede Olive - дм2 - Оттенок зеленого";;;;0.59;;;"Единица измерения:дм2;Оттенок цвета:Оттенок зеленого #028a34";;eaBILasgxnaoBXPobuiK;814884550972;;;;;;;;;;;;;;;;;;;0;0;0;0;;;https://ozelifkoja.ru/zamsha/tproduct/814884550972-suede-olive?editionuid=344112719232
676647326932;;;;"Одежная;Одежная / Фактурная";"Chelsea Coffee Bizon";;;https://static.tildacdn.com/stor3732-6635-4736-b765-333036366161/18416880.jpg;;;;"product_options:[{""title"":""Единица измерения"",""params"":{""view"":""buttons"",""hasColor"":false,""linkImage"":false}},{""title"":""Оттенок цвета"",""params"":{""view"":""buttons"",""hasColor"":true,""linkImage"":false}}]";;Mlp0rt7Oy3mJZAgarLXt;;Одежная;Овчина;;;Бежевый;;1;"5-6 фут";0.8-0.9;;;;;;;;Африка;;0;0;0;0;FOT;1;https://ozelifkoja.ru/odejnayakozha/tproduct/676647326932-chelsea-coffee-bizon
869999670952;;;;;"Chelsea Coffee Bizon - фут2 - Оттенок бежевого";;;;5.00;;;"Единица измерения:фут2;Оттенок цвета:Оттенок бежевого #d4b088";;1Vzv6Cak0RLi9Ux3dDM3;676647326932;;;;;;;;;;;;;;;;;;;0;0;0;0;;;https://ozelifkoja.ru/odejnayakozha/tproduct/676647326932-chelsea-coffee-bizon?editionuid=869999670952
537634652992;;;;;"Chelsea Coffee Bizon - дм2 - Оттенок бежевого";;;;0.53;;;"Единица измерения:дм2;Оттенок цвета:Оттенок бежевого #d4b088";;6yMUM76zn6dUHTZdt9Ib;676647326932;;;;;;;;;;;;;;;;;;;0;0;0;0;;;https://ozelifkoja.ru/odejnayakozha/tproduct/676647326932-chelsea-coffee-bizon?editionuid=537634652992
584960635822;;;;"Одежная;Одежная / Фактурная";"Chelsea Brown";;;https://static.tildacdn.com/stor3733-3438-4365-b638-613437623165/87330165.jpg;;;;"product_options:[{""title"":""Единица измерения"",""params"":{""view"":""buttons"",""hasColor"":false,""linkImage"":false}},{""title"":""Оттенок цвета"",""params"":{""view"":""buttons"",""hasColor"":true,""linkImage"":false}}]";;xI2yoxYf7oiE56sVVMmf;;Одежная;Овчина;;;Коричневый;;1;"5-6 фут";0.8-0.9;;;;;;;;Африка;;0;0;0;0;FOT;1;https://ozelifkoja.ru/odejnayakozha/tproduct/584960635822-chelsea-brown
361168527682;;;;;"Chelsea Brown - фут2 - Оттенок коричневого";;;;5.00;;;"Единица измерения:фут2;Оттенок цвета:Оттенок коричневого #6e3b12";;7NBxFhrcaDURIuPNNY33;584960635822;;;;;;;;;;;;;;;;;;;0;0;0;0;;;https://ozelifkoja.ru/odejnayakozha/tproduct/584960635822-chelsea-brown?editionuid=361168527682
778692648342;;;;;"Chelsea Brown - дм2 - Оттенок коричневого";;;;0.53;;;"Единица измерения:дм2;Оттенок цвета:Оттенок коричневого #6e3b12";;V1yOldvhME4egd5zsay8;584960635822;;;;;;;;;;;;;;;;;;;0;0;0;0;;;https://ozelifkoja.ru/odejnayakozha/tproduct/584960635822-chelsea-brown?editionuid=778692648342
310967332292;;;;"Одежная;Одежная / Фактурная;Одежная / Винтажная";"Amazon Magic";;;https://static.tildacdn.com/stor6438-6132-4165-a565-313462653461/21170682.jpg;;;;"product_options:[{""title"":""Единица измерения"",""params"":{""view"":""buttons"",""hasColor"":false,""linkImage"":false}},{""title"":""Оттенок цвета"",""params"":{""view"":""buttons"",""hasColor"":true,""linkImage"":false}}]";;dMUVMRauPtEE2H4679KC;;Одежная;Овчина;;;Черный;;1;"5-6 фут2";0.9-1;;;;;;;;Турция;;0;0;0;0;FOT;1;https://ozelifkoja.ru/odejnayakozha/tproduct/310967332292-amazon-magic
322619826402;;;;;"Amazon Magic - фут2 - Оттенок черного";;;;5.00;;;"Единица измерения:фут2;Оттенок цвета:Оттенок черного #000000";;ortgvhVbBEePbKynlYI5;310967332292;;;;;;;;;;;;;;;;;;;0;0;0;0;;;https://ozelifkoja.ru/odejnayakozha/tproduct/310967332292-amazon-magic?editionuid=322619826402
179013569702;;;;;"Amazon Magic - дм2 - Оттенок черного";;;;0.53;;;"Единица измерения:дм2;Оттенок цвета:Оттенок черного #000000";;E0DLI2k3ry01JhcEb9ox;310967332292;;;;;;;;;;;;;;;;;;;0;0;0;0;;;https://ozelifkoja.ru/odejnayakozha/tproduct/310967332292-amazon-magic?editionuid=179013569702
982315650722;;;;"Одежная;Одежная / Винтажная";"Marocco Funduk";;;https://static.tildacdn.com/stor3039-6465-4536-b635-393864303963/79677875.jpg;;;;"product_options:[{""title"":""Единица измерения"",""params"":{""view"":""buttons"",""hasColor"":false,""linkImage"":false}},{""title"":""Оттенок цвета"",""params"":{""view"":""buttons"",""hasColor"":true,""linkImage"":false}}]";;7ELmRovVMydiEJumkAPN;;Одежная;Овчина;;;Коричневый;;1;"6-7 фут";0.8-0.9;;;;;;;;Турция;;0;0;0;0;FOT;1;https://ozelifkoja.ru/odejnayakozha/tproduct/982315650722-marocco-funduk
268139327042;;;;;"Marocco Funduk - фут2 - Оттенок коричневого";;;;5.00;;;"Единица измерения:фут2;Оттенок цвета:Оттенок коричневого #6e3b12";;BkcjIsXLV5r8dJHVc0xL;982315650722;;;;;;;;;;;;;;;;;;;0;0;0;0;;;https://ozelifkoja.ru/odejnayakozha/tproduct/982315650722-marocco-funduk?editionuid=268139327042
382959784462;;;;;"Marocco Funduk - дм2 - Оттенок коричневого";;;;0.53;;;"Единица измерения:дм2;Оттенок цвета:Оттенок коричневого #6e3b12";;zmIKHOmnCUOZGEpAl6zh;982315650722;;;;;;;;;;;;;;;;;;;0;0;0;0;;;https://ozelifkoja.ru/odejnayakozha/tproduct/982315650722-marocco-funduk?editionuid=382959784462
